lethal_reactions_proteomics_1,lethal_reactions_proteomics_2,lethal_reactions_proteomics_3,lethal_reactions_proteomics_4,lethal_reactions_proteomics_5,lethal_reactions_proteomics_6,lethal_reactions_proteomics_7,lethal_reactions_proteomics_8,lethal_reactions_proteomics_9,lethal_reactions_proteomics_10,lethal_reactions_proteomics_11,lethal_reactions_proteomics_12,lethal_reactions_proteomics_13,lethal_reactions_proteomics_14,lethal_reactions_proteomics_15
R_GLUR,R_GLUR,R_GLUR,R_GLUR,R_GLUR,R_GLUR,R_GLUR,R_GLUR,R_GLUR,R_GLUR,R_GLUR,R_GLUR,R_GLUR,R_GLUR,R_GLUR
R_UPP3MT,R_UPP3MT,R_UPP3MT,R_UPP3MT,R_UPP3MT,R_UPP3MT,R_UPP3MT,R_UPP3MT,R_UPP3MT,R_UPP3MT,R_UPP3MT,R_UPP3MT,R_UPP3MT,R_UPP3MT,R_UPP3MT
R_EX_ca2(e),R_EX_ca2(e),R_EX_ca2(e),R_EX_ca2(e),R_EX_ca2(e),R_EX_ca2(e),R_EX_ca2(e),R_EX_ca2(e),R_EX_ca2(e),R_EX_ca2(e),R_EX_ca2(e),R_EX_ca2(e),R_EX_ca2(e),R_EX_ca2(e),R_EX_ca2(e)
R_ALAALAr,R_ALAALAr,R_ALAALAr,R_ALAALAr,R_ALAALAr,R_ALAALAr,R_ALAALAr,R_ALAALAr,R_ALAALAr,R_ALAALAr,R_ALAALAr,R_ALAALAr,R_ALAALAr,R_ALAALAr,R_ALAALAr
R_ALATA_D,R_ALATA_D,R_ALATA_D,R_ALATA_D,R_ALATA_D,R_ALATA_D,R_ALATA_D,R_ALATA_D,R_ALATA_D,R_ALATA_D,R_ALATA_D,R_ALATA_D,R_ALATA_D,R_ALATA_D,R_ALATA_D
R_RPI,R_RPI,R_RPI,R_RPI,R_RPI,R_RPI,R_RPI,R_RPI,R_RPI,R_RPI,R_RPI,R_RPI,R_RPI,R_RPI,R_RPI
R_SULR,R_SULR,R_SULR,R_SULR,R_SULR,R_SULR,R_SULR,R_SULR,R_SULR,R_SULR,R_SULR,R_SULR,R_GND,R_GND,R_GND
R_ADCS,R_ADCS,R_ADCS,R_ADCS,R_ADCS,R_ADCS,R_ADCS,R_ADCS,R_ADCS,R_ADCS,R_ADCS,R_ADCS,R_SULR,R_SULR,R_SULR
R_THRAr,R_THRAr,R_THRAr,R_THRAr,R_THRAr,R_THRAr,R_THRAr,R_THRAr,R_THRAr,R_THRAr,R_THRAr,R_THRAr,R_ADCS,R_ADCS,R_ADCS
R_EX_so4(e),R_EX_so4(e),R_EX_so4(e),R_EX_so4(e),R_EX_so4(e),R_EX_so4(e),R_EX_so4(e),R_EX_so4(e),R_EX_so4(e),R_EX_so4(e),R_EX_so4(e),R_EX_so4(e),R_THRAr,R_THRAr,R_THRAr
R_OCBT,R_OCBT,R_OCBT,R_OCBT,R_OCBT,R_OCBT,R_OCBT,R_OCBT,R_OCBT,R_OCBT,R_OCBT,R_OCBT,R_EX_so4(e),R_EX_so4(e),R_EX_so4(e)
R_ALAR,R_ALAR,R_ALAR,R_ALAR,R_ALAR,R_ALAR,R_ALAR,R_ALAR,R_ALAR,R_ALAR,R_ALAR,R_ALAR,R_OCBT,R_OCBT,R_OCBT
R_UAGPT3,R_UAGPT3,R_UAGPT3,R_UAGPT3,R_UAGPT3,R_UAGPT3,R_UAGPT3,R_UAGPT3,R_UAGPT3,R_UAGPT3,R_UAGPT3,R_UAGPT3,R_ALAR,R_ALAR,R_ALAR
R_SO4t2,R_SO4t2,R_SO4t2,R_SO4t2,R_SO4t2,R_SO4t2,R_SO4t2,R_SO4t2,R_SO4t2,R_SO4t2,R_SO4t2,R_SO4t2,R_UAGPT3,R_UAGPT3,R_UAGPT3
R_LEUTA,R_LEUTA,R_LEUTA,R_LEUTA,R_LEUTA,R_LEUTA,R_LEUTA,R_LEUTA,R_LEUTA,R_LEUTA,R_LEUTA,R_LEUTA,R_SO4t2,R_SO4t2,R_SO4t2
R_AGLYPT,R_AGLYPT,R_AGLYPT,R_AGLYPT,R_AGLYPT,R_AGLYPT,R_AGLYPT,R_AGLYPT,R_AGLYPT,R_AGLYPT,R_AGLYPT,R_AGLYPT,R_LEUTA,R_LEUTA,R_LEUTA
R_PRMICIi,R_PRMICIi,R_PRMICIi,R_PRMICIi,R_PRMICIi,R_PRMICIi,R_PRMICIi,R_PRMICIi,R_PRMICIi,R_PRMICIi,R_PRMICIi,R_PRMICIi,R_AGLYPT,R_AGLYPT,R_AGLYPT
R_DHDPS,R_DHDPS,R_DHDPS,R_DHDPS,R_DHDPS,R_DHDPS,R_DHDPS,R_DHDPS,R_DHDPS,R_DHDPS,R_DHDPS,R_DHDPS,R_PRMICIi,R_PRMICIi,R_PRMICIi
R_FACOAL150AI,R_FACOAL150AI,R_FACOAL150AI,R_FACOAL150AI,R_FACOAL150AI,R_FACOAL150AI,R_FACOAL150AI,R_FACOAL150AI,R_FACOAL150AI,R_FACOAL150AI,R_FACOAL150AI,R_FACOAL150AI,R_DHDPS,R_DHDPS,R_DHDPS
R_ADK1,R_ADK1,R_ADK1,R_ADK1,R_GF6PTAr,R_GF6PTAr,R_ADK1,R_ADK1,R_ADK1,R_ADK1,R_ADK1,R_ADK1,R_FACOAL150AI,R_FACOAL150AI,R_FACOAL150AI
R_PUNP4,R_PUNP4,R_PUNP4,R_GF6PTAr,R_PUNP4,R_PUNP4,R_PUNP4,R_PUNP4,R_PUNP4,R_CYSS,R_PUNP4,R_CYSS,R_ADK1,R_ADK1,R_ADK1
R_CYSS,R_CYSS,R_CYSS,R_PUNP4,R_CYSS,R_CYSS,R_CYSS,R_CYSS,R_CYSS,R_HSK,R_CYSS,R_HSK,R_PUNP4,R_CYSS,R_CYSS
R_HSK,R_HSK,R_HSK,R_CYSS,R_HSK,R_PPCK,R_HSK,R_HSK,R_HSK,R_MEVK1,R_HSK,R_AHCYSNS,R_CYSS,R_HSK,R_HSK
R_AHCYSNS,R_AHCYSNS,R_AHCYSNS,R_PPCK,R_MEVK1,R_HSK,R_AHCYSNS,R_AHCYSNS,R_AHCYSNS,R_AHCYSNS,R_MEVK1,R_ACKr,R_HSK,R_AHCYSNS,R_AHCYSNS
R_ACKr,R_ACKr,R_ACKr,R_HSK,R_AHCYSNS,R_AHCYSNS,R_ACKr,R_ACKr,R_ACKr,R_ACKr,R_AHCYSNS,R_AICART,R_MEVK1,R_ACKr,R_ACKr
R_AICART,R_AICART,R_AICART,R_AHCYSNS,R_ACKr,R_ACKr,R_AICART,R_AICART,R_AICART,R_AICART,R_ACKr,R_MNabc,R_AHCYSNS,R_AICART,R_AICART
R_MNabc,R_MNabc,R_MNabc,R_ACKr,R_AICART,R_AICART,R_SHK3Dr,R_MNabc,R_MNabc,R_MNabc,R_AICART,R_SHK3Dr,R_ACKr,R_MNabc,R_SHK3Dr
R_SHK3Dr,R_SHK3Dr,R_SHK3Dr,R_AICART,R_MNabc,R_MNabc,R_IGPDH,R_SHK3Dr,R_SHK3Dr,R_SHK3Dr,R_MNabc,R_IGPDH,R_AICART,R_SHK3Dr,R_IGPDH
R_IGPDH,R_IGPDH,R_IGPDH,R_MNabc,R_SHK3Dr,R_SHK3Dr,R_VALTA,R_IGPDH,R_IGPDH,R_IGPDH,R_SHK3Dr,R_VALTA,R_MNabc,R_IGPDH,R_VALTA
R_VALTA,R_VALTA,R_VALTA,R_SHK3Dr,R_IGPDH,R_IGPDH,R_DHFS,R_VALTA,R_VALTA,R_VALTA,R_IGPDH,R_DHFS,R_SHK3Dr,R_VALTA,R_DHFS
R_DHFS,R_DHFS,R_DHFS,R_IGPDH,R_VALTA,R_VALTA,R_GMPR,R_DHFS,R_DHFS,R_DHFS,R_VALTA,R_GMPR,R_IGPDH,R_DHFS,R_GMPR
R_GMPR,R_GMPR,R_GMPR,R_VALTA,R_DHFS,R_DHFS,R_TMDS,R_GMPR,R_GMPR,R_GMPR,R_DHFS,R_TMDS,R_VALTA,R_GMPR,R_TMDS
R_ENO,R_ENO,R_ENO,R_DHFS,R_GMPR,R_GMPR,R_HEMEOS,R_ENO,R_TMDS,R_TMDS,R_GMPR,R_HEMEOS,R_DHFS,R_TMDS,R_HEMEOS
R_TMDS,R_TMDS,R_TMDS,R_GMPR,R_TMDS,R_ENO,R_CHORM,R_TMDS,R_HEMEOS,R_HEMEOS,R_ENO,R_CHORM,R_GMPR,R_HEMEOS,R_CHORM
R_HEMEOS,R_HEMEOS,R_HEMEOS,R_ENO,R_HEMEOS,R_TMDS,R_ANPRT,R_HEMEOS,R_CHORM,R_CHORM,R_TMDS,R_ANPRT,R_TMDS,R_CHORM,R_ANPRT
R_CHORM,R_CHORM,R_CHORM,R_TMDS,R_CHORM,R_HEMEOS,R_PRAI,R_CHORM,R_ANPRT,R_ANPRT,R_HEMEOS,R_PRAI,R_HEMEOS,R_ANPRT,R_PRAI
R_ANPRT,R_ANPRT,R_ANPRT,R_HEMEOS,R_ANPRT,R_CHORM,R_UAG2E,R_ANPRT,R_PRAI,R_PRAI,R_CHORM,R_UAG2E,R_CHORM,R_PRAI,R_UAG2E
R_PRAI,R_PRAI,R_PRAI,R_CHORM,R_PRAI,R_ANPRT,R_PPNDH,R_PRAI,R_UAG2E,R_UAG2E,R_ANPRT,R_PPNDH,R_ANPRT,R_UAG2E,R_TKT1
R_UAG2E,R_UAG2E,R_UAG2E,R_ANPRT,R_UAG2E,R_PRAI,R_GLNS,R_UAG2E,R_PPNDH,R_PPNDH,R_PRAI,R_GLNS,R_PRAI,R_TKT1,R_PPNDH
R_PPNDH,R_PPNDH,R_PPNDH,R_PRAI,R_PPNDH,R_UAG2E,R_NDPK4,R_PPNDH,R_GLNS,R_GLNS,R_UAG2E,R_NDPK4,R_UAG2E,R_PPNDH,R_GLNS
R_GLNS,R_GLNS,R_GLNS,R_UAG2E,R_GLNS,R_PPNDH,R_HMBS,R_GLNS,R_NDPK4,R_NDPK4,R_PPNDH,R_HMBS,R_TKT1,R_GLNS,R_NDPK4
R_NDPK4,R_NDPK4,R_NDPK4,R_PPNDH,R_NDPK4,R_GLNS,R_UAPGR,R_NDPK4,R_HMBS,R_HMBS,R_GLNS,R_UAPGR,R_PPNDH,R_NDPK4,R_HMBS
R_HMBS,R_HMBS,R_HMBS,R_GLNS,R_HMBS,R_NDPK4,R_UAGDP,R_HMBS,R_UAPGR,R_UAPGR,R_NDPK4,R_UAGDP,R_GLNS,R_HMBS,R_UAPGR
R_UAPGR,R_UAPGR,R_UAPGR,R_NDPK4,R_UAPGR,R_HMBS,R_GRTT,R_UAPGR,R_UAGDP,R_UAGDP,R_HMBS,R_GRTT,R_NDPK4,R_UAPGR,R_UAGDP
R_UAGDP,R_UAGDP,R_UAGDP,R_HMBS,R_UAGDP,R_UAPGR,R_GTPCII,R_UAGDP,R_GRTT,R_GRTT,R_UAPGR,R_GTPCII,R_HMBS,R_UAGDP,R_GRTT
R_GRTT,R_GRTT,R_GRTT,R_UAPGR,R_GRTT,R_UAGDP,R_PPPGO,R_GRTT,R_GTPCII,R_GTPCII,R_UAGDP,R_PPPGO,R_UAPGR,R_GRTT,R_GTPCII
R_GTPCII,R_GTPCII,R_GTPCII,R_UAGDP,R_GTPCII,R_GRTT,R_EX_o2(e),R_GTPCII,R_PPPGO,R_PPPGO,R_GRTT,R_EX_o2(e),R_UAGDP,R_GTPCII,R_PPPGO
R_PPPGO,R_PPPGO,R_PPPGO,R_GRTT,R_PPPGO,R_GTPCII,R_DPMVD,R_PPPGO,R_DPMVD,R_EX_o2(e),R_GTPCII,R_DPMVD,R_GRTT,R_PPPGO,R_DPMVD
R_EX_o2(e),R_EX_o2(e),R_DPMVD,R_GTPCII,R_EX_o2(e),R_PPPGO,R_NDPK5,R_EX_o2(e),R_NDPK5,R_DPMVD,R_PPPGO,R_NDPK5,R_GTPCII,R_DPMVD,R_NDPK5
R_DPMVD,R_DPMVD,R_NDPK5,R_PPPGO,R_DPMVD,R_EX_o2(e),R_FF_8,R_DPMVD,R_DDPA,R_NDPK5,R_EX_o2(e),R_FF_8,R_PPPGO,R_NDPK5,R_DDPA
R_NDPK5,R_NDPK5,R_DDPA,R_EX_o2(e),R_NDPK5,R_DPMVD,R_DDPA,R_NDPK5,R_EX_ni2(e),R_FF_8,R_DPMVD,R_DDPA,R_DPMVD,R_DDPA,R_EX_ni2(e)
R_FF_8,R_FF_8,R_EX_ni2(e),R_DPMVD,R_FF_8,R_NDPK5,R_EX_ni2(e),R_FF_8,R_DAPDC,R_DDPA,R_NDPK5,R_EX_ni2(e),R_NDPK5,R_EX_ni2(e),R_DAPDC
R_DDPA,R_DDPA,R_DAPDC,R_NDPK5,R_DDPA,R_FF_8,R_DAPDC,R_DDPA,R_EX_leu-L(e),R_EX_ni2(e),R_FF_8,R_DAPDC,R_DDPA,R_DAPDC,R_EX_leu-L(e)
R_EX_ni2(e),R_EX_ni2(e),R_EX_fe3(e),R_FF_8,R_EX_ni2(e),R_DDPA,R_EX_leu-L(e),R_EX_ni2(e),R_ASPTA,R_DAPDC,R_DDPA,R_EX_leu-L(e),R_EX_ni2(e),R_EX_leu-L(e),R_ASPTA
R_DAPDC,R_DAPDC,R_EX_leu-L(e),R_DDPA,R_DAPDC,R_EX_ni2(e),R_ASPTA,R_DAPDC,R_METSr,R_EX_leu-L(e),R_EX_ni2(e),R_ASPTA,R_DAPDC,R_ASPTA,R_UAG4E
R_EX_leu-L(e),R_EX_leu-L(e),R_ASPTA,R_EX_ni2(e),R_EX_fe3(e),R_DAPDC,R_METSr,R_EX_leu-L(e),R_UAG4E,R_ASPTA,R_DAPDC,R_METSr,R_EX_leu-L(e),R_UAG4E,R_ILETA
R_ASPTA,R_ASPTA,R_METSr,R_DAPDC,R_EX_leu-L(e),R_EX_fe3(e),R_UAG4E,R_ASPTA,R_ILETA,R_METSr,R_EX_leu-L(e),R_UAG4E,R_ASPTA,R_ILETA,R_EX_mn2(e)
R_METSr,R_METSr,R_EX_fe2(e),R_EX_fe3(e),R_ASPTA,R_EX_leu-L(e),R_ILETA,R_METSr,R_EX_mn2(e),R_UAG4E,R_ASPTA,R_ILETA,R_UAG4E,R_EX_mn2(e),R_ANTIP
R_UAG4E,R_UAG4E,R_UAG4E,R_EX_leu-L(e),R_METSr,R_ASPTA,R_EX_mn2(e),R_UAG4E,R_ANTIP,R_ILETA,R_METSr,R_EX_mn2(e),R_ILETA,R_PFK_3,R_ADSS
R_ILETA,R_ILETA,R_ILETA,R_ASPTA,R_EX_fe2(e),R_METSr,R_ANTIP,R_ILETA,R_ADSS,R_EX_mn2(e),R_UAG4E,R_ANTIP,R_EX_mn2(e),R_ANTIP,R_TMDPK
R_EX_mn2(e),R_EX_mn2(e),R_EX_mn2(e),R_METSr,R_UAG4E,R_EX_fe2(e),R_ADSS,R_EX_mn2(e),R_TMDPK,R_ANTIP,R_ILETA,R_ADSS,R_ANTIP,R_ADSS,R_SHCHF
R_PGK,R_PGK,R_PGK,R_EX_fe2(e),R_ILETA,R_UAG4E,R_TMDPK,R_PGK,R_SHCHF,R_ADSS,R_EX_mn2(e),R_TMDPK,R_ADSS,R_TMDPK,R_MTHFR3
R_ANTIP,R_ANTIP,R_ANTIP,R_UAG4E,R_EX_mn2(e),R_ILETA,R_SHCHF,R_ANTIP,R_MTHFR3,R_TMDPK,R_PGK,R_SHCHF,R_TMDPK,R_SHCHF,R_IG3PS
R_ADSS,R_ADSS,R_FE2abc,R_ILETA,R_ANTIP,R_EX_mn2(e),R_MTHFR3,R_ADSS,R_IG3PS,R_SHCHF,R_ANTIP,R_MTHFR3,R_SHCHF,R_MTHFR3,R_ASPCT
R_TMDPK,R_TMDPK,R_ADSS,R_EX_mn2(e),R_FE2abc,R_PGK,R_IG3PS,R_TMDPK,R_ASPCT,R_MTHFR3,R_ADSS,R_IG3PS,R_MTHFR3,R_IG3PS,R_PPCDC
R_SHCHF,R_SHCHF,R_TMDPK,R_PGK,R_ADSS,R_ANTIP,R_ASPCT,R_SHCHF,R_PPCDC,R_IG3PS,R_TMDPK,R_ASPCT,R_IG3PS,R_ASPCT,R_PSCVT
R_MTHFR3,R_MTHFR3,R_SHCHF,R_ANTIP,R_TMDPK,R_FE2abc,R_PPCDC,R_MTHFR3,R_PSCVT,R_ASPCT,R_SHCHF,R_PPCDC,R_ASPCT,R_PPCDC,R_EX_thm(e)
R_IG3PS,R_IG3PS,R_MTHFR3,R_FE2abc,R_SHCHF,R_ADSS,R_PSCVT,R_IG3PS,R_EX_thm(e),R_PPCDC,R_MTHFR3,R_PSCVT,R_PPCDC,R_PSCVT,R_GLUTRR
R_ASPCT,R_ASPCT,R_IG3PS,R_ADSS,R_MTHFR3,R_TMDPK,R_EX_thm(e),R_ASPCT,R_GLUTRR,R_PSCVT,R_IG3PS,R_EX_thm(e),R_PSCVT,R_EX_thm(e),R_PPBNGS
R_PPCDC,R_PPCDC,R_ASPCT,R_TMDPK,R_IG3PS,R_SHCHF,R_GLUTRR,R_PPCDC,R_PPBNGS,R_EX_thm(e),R_ASPCT,R_GLUTRR,R_EX_thm(e),R_GLUTRR,R_HSDy
R_PSCVT,R_PSCVT,R_PPCDC,R_SHCHF,R_ASPCT,R_MTHFR3,R_PPBNGS,R_PSCVT,R_HSDy,R_GLUTRR,R_PPCDC,R_PPBNGS,R_GLUTRR,R_PPBNGS,R_PGAMT
R_EX_thm(e),R_EX_thm(e),R_PSCVT,R_MTHFR3,R_PPCDC,R_IG3PS,R_HSDy,R_EX_thm(e),R_PGAMT,R_PPBNGS,R_PSCVT,R_HSDy,R_PPBNGS,R_HSDy,R_PRAMPC
R_GLUTRR,R_GLUTRR,R_EX_thm(e),R_IG3PS,R_PSCVT,R_ASPCT,R_PGAMT,R_GLUTRR,R_PRAMPC,R_HSDy,R_EX_thm(e),R_PGAMT,R_HSDy,R_PGAMT,R_UDCPDPpp
R_PPBNGS,R_PPBNGS,R_GLUTRR,R_ASPCT,R_EX_thm(e),R_PPCDC,R_PRAMPC,R_PPBNGS,R_UDCPDPpp,R_PGAMT,R_GLUTRR,R_PRAMPC,R_PGAMT,R_PRAMPC,R_G3PD2
R_HSDy,R_HSDy,R_PPBNGS,R_PPCDC,R_GLUTRR,R_PSCVT,R_FBA,R_HSDy,R_G3PD2,R_PRAMPC,R_PPBNGS,R_UDCPDPpp,R_PRAMPC,R_UDCPDPpp,R_EX_cobalt2(e)
R_PGAMT,R_PGAMT,R_HSDy,R_PSCVT,R_PPBNGS,R_EX_thm(e),R_UDCPDPpp,R_PGAMT,R_EX_cobalt2(e),R_UDCPDPpp,R_HSDy,R_G3PD2,R_UDCPDPpp,R_G3PD2,R_DHAD3
R_PRAMPC,R_PRAMPC,R_PGAMT,R_EX_thm(e),R_HSDy,R_GLUTRR,R_G3PD2,R_PRAMPC,R_DHAD3,R_G3PD2,R_PGAMT,R_EX_cobalt2(e),R_G3PD2,R_EX_cobalt2(e),R_GLUSy
R_FBA,R_FBA,R_PRAMPC,R_GLUTRR,R_PGAMT,R_PPBNGS,R_EX_cobalt2(e),R_FBA,R_GCALDD,R_EX_cobalt2(e),R_PRAMPC,R_DHAD3,R_EX_cobalt2(e),R_DHAD3,R_GCALDD
R_UDCPDPpp,R_UDCPDPpp,R_FBA,R_PPBNGS,R_PRAMPC,R_HSDy,R_DHAD3,R_UDCPDPpp,R_DHNPA2,R_DHAD3,R_FBA,R_GCALDD,R_GALUr,R_GLUSy,R_DHNPA2
R_G3PD2,R_G3PD2,R_UDCPDPpp,R_HSDy,R_UDCPDPpp,R_PGAMT,R_GLUSy,R_G3PD2,R_FF_11,R_GCALDD,R_UDCPDPpp,R_DHNPA2,R_DHAD3,R_GCALDD,R_FF_11
R_EX_cobalt2(e),R_EX_cobalt2(e),R_G3PD2,R_PGAMT,R_G3PD2,R_PRAMPC,R_GCALDD,R_EX_cobalt2(e),R_GLUTRS,R_DHNPA2,R_G3PD2,R_FF_11,R_GCALDD,R_DHNPA2,R_GLUTRS
R_DHAD3,R_DHAD3,R_EX_cobalt2(e),R_PRAMPC,R_EX_cobalt2(e),R_FBA,R_DHNPA2,R_DHAD3,R_SDPTA,R_FF_11,R_EX_cobalt2(e),R_GLUTRS,R_DHNPA2,R_FF_11,R_EX_dhptd_c
R_GCALDD,R_GCALDD,R_DHAD3,R_FBA,R_DHAD3,R_UDCPDPpp,R_FF_11,R_GCALDD,R_EX_dhptd_c,R_GLUTRS,R_DHAD3,R_EX_dhptd_c,R_FF_11,R_GLUTRS,R_DPR
R_DHNPA2,R_DHNPA2,R_GLUSy,R_UDCPDPpp,R_GCALDD,R_G3PD2,R_GLUTRS,R_DHNPA2,R_DPR,R_EX_dhptd_c,R_GLUSy,R_DPR,R_GLUTRS,R_SDPTA,R_UGMDDS
R_FF_11,R_FF_11,R_GCALDD,R_G3PD2,R_DHNPA2,R_EX_cobalt2(e),R_SDPTA,R_FF_11,R_UGMDDS,R_DPR,R_GCALDD,R_UGMDDS,R_FTHFL,R_EX_dhptd_c,R_MOHMT
R_PGM,R_PGM,R_DHNPA2,R_EX_cobalt2(e),R_FF_11,R_DHAD3,R_EX_dhptd_c,R_PGM,R_MOHMT,R_UGMDDS,R_DHNPA2,R_MOHMT,R_EX_dhptd_c,R_DPR,R_ORNCD
R_GLUTRS,R_GLUTRS,R_FF_11,R_DHAD3,R_GLUTRS,R_GCALDD,R_DPR,R_GLUTRS,R_ORNCD,R_MOHMT,R_FF_11,R_ORNCD,R_DPR,R_UGMDDS,R_ASAD
R_SDPTA,R_SDPTA,R_PGM,R_GCALDD,R_SDPTA,R_DHNPA2,R_UGMDDS,R_SDPTA,R_ASAD,R_ORNCD,R_PGM,R_ASAD,R_UGMDDS,R_MOHMT,R_SHCHD2
R_EX_dhptd_c,R_EX_dhptd_c,R_GLUTRS,R_DHNPA2,R_EX_dhptd_c,R_FF_11,R_MOHMT,R_EX_dhptd_c,R_SHCHD2,R_ASAD,R_GLUTRS,R_SHCHD2,R_MOHMT,R_ORNCD,R_CYTK2
R_DPR,R_DPR,R_SDPTA,R_FF_11,R_DPR,R_PGM,R_ORNCD,R_DPR,R_CYTK2,R_SHCHD2,R_SDPTA,R_CYTK2,R_ORNCD,R_ASAD,R_G1SAT
R_UGMDDS,R_UGMDDS,R_EX_dhptd_c,R_PGM,R_UGMDDS,R_GLUTRS,R_ASAD,R_UGMDDS,R_G1SAT,R_CYTK2,R_EX_dhptd_c,R_G1SAT,R_ASAD,R_FBA3,R_RHCCE
R_MOHMT,R_MOHMT,R_DPR,R_GLUTRS,R_MOHMT,R_EX_dhptd_c,R_SHCHD2,R_MOHMT,R_RHCCE,R_G1SAT,R_DPR,R_RHCCE,R_SHCHD2,R_SHCHD2,R_RBFSb
R_ORNCD,R_ORNCD,R_UGMDDS,R_SDPTA,R_ORNCD,R_DPR,R_CYTK2,R_ORNCD,R_RBFSb,R_RHCCE,R_UGMDDS,R_RBFSb,R_CYTK2,R_CYTK2,R_NDPK1
R_ASAD,R_ASAD,R_MOHMT,R_EX_dhptd_c,R_ASAD,R_UGMDDS,R_G1SAT,R_ASAD,R_NDPK1,R_RBFSb,R_MOHMT,R_NDPK1,R_G1SAT,R_G1SAT,R_DTMPK
R_SHCHD2,R_SHCHD2,R_ORNCD,R_DPR,R_SHCHD2,R_MOHMT,R_RHCCE,R_SHCHD2,R_DTMPK,R_NDPK1,R_ORNCD,R_DTMPK,R_RHCCE,R_RHCCE,R_ASP1DC
R_CYTK2,R_CYTK2,R_ASAD,R_UGMDDS,R_CYTK2,R_ORNCD,R_RBFSb,R_CYTK2,R_ASP1DC,R_DTMPK,R_ASAD,R_ASP1DC,R_RBFSb,R_RBFSb,R_EX_cl(e)
R_G1SAT,R_G1SAT,R_SHCHD2,R_MOHMT,R_RHCCE,R_ASAD,R_NDPK1,R_G1SAT,R_EX_cl(e),R_ASP1DC,R_SHCHD2,R_EX_cl(e),R_NDPK1,R_NDPK1,R_BPNT
R_RHCCE,R_RHCCE,R_CYTK2,R_ORNCD,R_RBFSb,R_SHCHD2,R_DTMPK,R_RHCCE,R_BPNT,R_EX_cl(e),R_CYTK2,R_BPNT,R_DTMPK,R_DTMPK,R_DHORD
R_RBFSb,R_RBFSb,R_G1SAT,R_ASAD,R_NDPK1,R_CYTK2,R_PFK,R_RBFSb,R_DHORD,R_BPNT,R_G1SAT,R_DHORD,R_ASP1DC,R_ASP1DC,R_RBFSa
R_NDPK1,R_NDPK1,R_RHCCE,R_SHCHD2,R_DTMPK,R_G1SAT,R_ASP1DC,R_NDPK1,R_RBFSa,R_DHORD,R_RHCCE,R_RBFSa,R_EX_cl(e),R_EX_cl(e),R_UMPK
R_DTMPK,R_DTMPK,R_RBFSb,R_CYTK2,R_ASP1DC,R_RHCCE,R_EX_cl(e),R_DTMPK,R_UMPK,R_RBFSa,R_RBFSb,R_UMPK,R_BPNT,R_BPNT,R_TRPS1
R_PFK,R_PFK,R_NDPK1,R_RHCCE,R_EX_cl(e),R_RBFSb,R_BPNT,R_PFK,R_TRPS1,R_UMPK,R_NDPK1,R_TRPS1,R_DHORD,R_DHORD,R_CLtex
R_ASP1DC,R_ASP1DC,R_DTMPK,R_RBFSb,R_BPNT,R_NDPK1,R_DHORD,R_ASP1DC,R_CLtex,R_TRPS1,R_DTMPK,R_CLtex,R_RBFSa,R_RBFSa,R_CHORS
R_EX_cl(e),R_EX_cl(e),R_PFK,R_NDPK1,R_DHORD,R_DTMPK,R_RBFSa,R_EX_cl(e),R_CHORS,R_CLtex,R_PFK,R_CHORS,R_UMPK,R_UMPK,R_TRDR
R_BPNT,R_BPNT,R_ASP1DC,R_DTMPK,R_RBFSa,R_PFK,R_UMPK,R_BPNT,R_TRDR,R_CHORS,R_ASP1DC,R_TRDR,R_TRPS1,R_TRPS1,R_IMPC
R_DHORD,R_DHORD,R_EX_cl(e),R_PFK,R_UMPK,R_ASP1DC,R_TRPS1,R_DHORD,R_IMPC,R_TRDR,R_EX_cl(e),R_IMPC,R_CLtex,R_CLtex,R_ADSL1
R_RBFSa,R_RBFSa,R_BPNT,R_ASP1DC,R_TRPS1,R_EX_cl(e),R_CLtex,R_RBFSa,R_ADSL1,R_IMPC,R_BPNT,R_ADSL1,R_NADKd,R_CHORS,R_RBFK
R_UMPK,R_UMPK,R_DHORD,R_EX_cl(e),R_CLtex,R_BPNT,R_CHORS,R_UMPK,R_RBFK,R_ADSL1,R_DHORD,R_RBFK,R_CHORS,R_TRDR,R_NDPK2
R_TRPS1,R_TRPS1,R_RBFSa,R_BPNT,R_CHORS,R_DHORD,R_TRDR,R_TRPS1,R_NDPK2,R_RBFK,R_RBFSa,R_NDPK2,R_TRDR,R_IMPC,R_G6PDH2r
R_CLtex,R_CLtex,R_UMPK,R_DHORD,R_TRDR,R_RBFSa,R_IMPC,R_CLtex,R_PGI,R_NDPK2,R_UMPK,R_FMNAT,R_IMPC,R_ADSL1,R_PGLer
R_CHORS,R_CHORS,R_TRPS1,R_RBFSa,R_IMPC,R_UMPK,R_ADSL1,R_CHORS,R_FMNAT,R_FMNAT,R_TRPS1,R_NADS1,R_ADSL1,R_RBFK,R_PGI
R_TRDR,R_TRDR,R_CLtex,R_UMPK,R_ADSL1,R_TRPS1,R_RBFK,R_TRDR,R_RPE,R_RPE,R_CLtex,R_THRS,R_RBFK,R_NDPK2,R_FMNAT
R_IMPC,R_IMPC,R_CHORS,R_TRPS1,R_RBFK,R_CLtex,R_NDPK2,R_IMPC,R_NADS1,R_NADS1,R_CHORS,R_TECA4S,R_NDPK2,R_G6PDH2r,R_RPE
R_ADSL1,R_ADSL1,R_TRDR,R_CLtex,R_NDPK2,R_CHORS,R_PGI,R_ADSL1,R_THRS,R_THRS,R_TRDR,R_EX_k(e),R_G6PDH2r,R_PGLer,R_NADS1
R_RBFK,R_RBFK,R_IMPC,R_NADKd,R_FMNAT,R_TRDR,R_FMNAT,R_RBFK,R_ACGK,R_ACGK,R_IMPC,R_NADK,R_PGLer,R_FMNAT,R_THRS
R_NDPK2,R_NDPK2,R_ADSL1,R_CHORS,R_NADS1,R_IMPC,R_RPE,R_NDPK2,R_TECA4S,R_TECA4S,R_ADSL1,R_ANS2,R_PGI,R_RPE,R_TECA4S
R_PGI,R_PGI,R_RBFK,R_TRDR,R_THRS,R_ADSL1,R_NADS1,R_PGI,R_EX_k(e),R_EX_k(e),R_RBFK,R_BTCCPL,R_GCCa,R_NADS1,R_EX_k(e)
R_FMNAT,R_FMNAT,R_NDPK2,R_IMPC,R_TECA4S,R_RBFK,R_THRS,R_FMNAT,R_NADK,R_NADK,R_NDPK2,R_PHETA1,R_FMNAT,R_THRS,R_NADK
R_RPE,R_RPE,R_PGI,R_ADSL1,R_EX_k(e),R_NDPK2,R_ACGK,R_RPE,R_ANS2,R_LDH_D,R_PGI,R_MOBDabc,R_RPE,R_TECA4S,R_ANS2
R_NADS1,R_NADS1,R_FMNAT,R_RBFK,R_NADK,R_FMNAT,R_TECA4S,R_NADS1,R_BTCCPL,R_BTCCPL,R_FMNAT,R_FCLT,R_NADS1,R_EX_k(e),R_BTCCPL
R_THRS,R_THRS,R_RPE,R_NDPK2,R_ANS2,R_NADS1,R_EX_k(e),R_THRS,R_PHETA1,R_PHETA1,R_RPE,R_DHAD1,R_THRS,R_NADK,R_PHETA1
R_ACGK,R_ACGK,R_NADS1,R_NTD6pp,R_BTCCPL,R_THRS,R_NADK,R_ACGK,R_MOBDabc,R_MOBDabc,R_NADS1,R_DMATT,R_TECA4S,R_ANS2,R_MOBDabc
R_TECA4S,R_TECA4S,R_THRS,R_FMNAT,R_PHETA1,R_TECA4S,R_ANS2,R_TECA4S,R_FCLT,R_FCLT,R_THRS,R_UPPDC1,R_EX_k(e),R_BTCCPL,R_FCLT
R_EX_k(e),R_EX_k(e),R_ACGK,R_NADS1,R_MOBDabc,R_EX_k(e),R_BTCCPL,R_EX_k(e),R_DHAD1,R_DHAD1,R_ACGK,R_COBALT2tex,R_ANS2,R_PHETA1,R_DHAD1
R_NADK,R_NADK,R_TECA4S,R_THRS,R_FCLT,R_NADK,R_PHETA1,R_NADK,R_DMATT,R_DMATT,R_TECA4S,R_PRPPS,R_BTCCPL,R_MOBDabc,R_DMATT
R_BTCCPL,R_ANS2,R_EX_k(e),R_TECA4S,R_DHAD1,R_ANS2,R_MOBDabc,R_ANS2,R_UPPDC1,R_UPPDC1,R_EX_k(e),R_ACCO2L,R_PHETA1,R_FCLT,R_UPPDC1
R_PHETA1,R_BTCCPL,R_NADK,R_EX_k(e),R_DMATT,R_BTCCPL,R_FCLT,R_BTCCPL,R_COBALT2tex,R_COBALT2tex,R_NADK,R_SHKK,R_MOBDabc,R_DHAD1,R_COBALT2tex
R_MOBDabc,R_PHETA1,R_ANS2,R_ANS2,R_UPPDC1,R_PHETA1,R_DHAD1,R_PHETA1,R_PRPPS,R_PRPPS,R_LDH_D,R_HISTP,R_FCLT,R_DMATT,R_PRPPS
R_FCLT,R_MOBDabc,R_BTCCPL,R_BTCCPL,R_COBALT2tex,R_MOBDabc,R_DMATT,R_MOBDabc,R_ACCO2L,R_ACCO2L,R_BTCCPL,R_METAT,R_DHAD1,R_UPPDC1,R_ACCO2L
R_DHAD1,R_FCLT,R_PHETA1,R_PHETA1,R_PRPPS,R_FCLT,R_UPPDC1,R_FCLT,R_SHKK,R_SHKK,R_PHETA1,R_NAPRTr,R_DMATT,R_COBALT2tex,R_SHKK
R_DMATT,R_DHAD1,R_MOBDabc,R_MOBDabc,R_ACCO2L,R_DHAD1,R_COBALT2tex,R_DHAD1,R_HISTP,R_HISTP,R_MOBDabc,R_UAGCVT,R_UPPDC1,R_PRPPS,R_HISTP
R_UPPDC1,R_DMATT,R_FCLT,R_FCLT,R_SHKK,R_DMATT,R_PRPPS,R_DMATT,R_METAT,R_METAT,R_FCLT,R_IGPS,R_COBALT2tex,R_ACCO2L,R_METAT
R_COBALT2tex,R_UPPDC1,R_DHAD1,R_DHAD1,R_HISTP,R_UPPDC1,R_ACCO2L,R_UPPDC1,R_NAPRTr,R_NAPRTr,R_DHAD1,R_GUAPRT,R_PRPPS,R_SHKK,R_NAPRTr
R_PRPPS,R_COBALT2tex,R_DMATT,R_DMATT,R_METAT,R_COBALT2tex,R_SHKK,R_COBALT2tex,R_UAGCVT,R_UAGCVT,R_DMATT,R_METB1r,R_ACCO2L,R_HISTP,R_UAGCVT
R_ACCO2L,R_PRPPS,R_UPPDC1,R_UPPDC1,R_NAPRTr,R_PRPPS,R_HISTP,R_PRPPS,R_IGPS,R_IGPS,R_UPPDC1,R_CA2abc,R_SHKK,R_METAT,R_IGPS
R_SHKK,R_ACCO2L,R_COBALT2tex,R_COBALT2tex,R_UAGCVT,R_ACCO2L,R_METAT,R_ACCO2L,R_GUAPRT,R_GUAPRT,R_COBALT2tex,R_DB4PS,R_HISTP,R_NAPRTr,R_GUAPRT
R_HISTP,R_SHKK,R_PRPPS,R_PRPPS,R_IGPS,R_SHKK,R_NAPRTr,R_SHKK,R_METB1r,R_METB1r,R_PRPPS,R_DHQS,R_METAT,R_UAGCVT,R_METB1r
R_GAPD,R_HISTP,R_ACCO2L,R_ACCO2L,R_GUAPRT,R_HISTP,R_UAGCVT,R_HISTP,R_CA2abc,R_CA2abc,R_ACCO2L,R_IPDDI,R_NAPRTr,R_IGPS,R_CA2abc
R_METAT,R_GAPD,R_SHKK,R_SHKK,R_METB1r,R_GAPD,R_IGPS,R_GAPD,R_DB4PS,R_LDH_L,R_SHKK,R_EX_pi(e),R_UAGCVT,R_GUAPRT,R_TALA
R_NAPRTr,R_METAT,R_HISTP,R_HISTP,R_DADK,R_METAT,R_GUAPRT,R_METAT,R_DHQS,R_DB4PS,R_HISTP,R_PPNCL2,R_IGPS,R_METB1r,R_DB4PS
R_UAGCVT,R_NAPRTr,R_GAPD,R_GAPD,R_CA2abc,R_NAPRTr,R_METB1r,R_NAPRTr,R_IPDDI,R_DHQS,R_GAPD,R_OMPDC,R_GUAPRT,R_CA2abc,R_DHQS
R_IGPS,R_UAGCVT,R_METAT,R_METAT,R_DB4PS,R_UAGCVT,R_CA2abc,R_UAGCVT,R_EX_pi(e),R_IPDDI,R_METAT,R_EX_na1(e),R_METB1r,R_DB4PS,R_IPDDI
R_GUAPRT,R_IGPS,R_NAPRTr,R_NAPRTr,R_DHQS,R_IGPS,R_DB4PS,R_IGPS,R_PPNCL2,R_EX_pi(e),R_NAPRTr,R_DHFR,R_DADK,R_DHQS,R_EX_pi(e)
R_METB1r,R_GUAPRT,R_UAGCVT,R_UAGCVT,R_IPDDI,R_GUAPRT,R_DHQS,R_GUAPRT,R_OMPDC,R_PPNCL2,R_UAGCVT,R_UAAGDS,R_CA2abc,R_IPDDI,R_PPNCL2
R_CA2abc,R_METB1r,R_IGPS,R_IGPS,R_EX_pi(e),R_METB1r,R_IPDDI,R_METB1r,R_EX_na1(e),R_OMPDC,R_IGPS,R_EX_zn2(e),R_TALA,R_EX_pi(e),R_OMPDC
R_DB4PS,R_CA2abc,R_GUAPRT,R_GUAPRT,R_PPNCL2,R_DADK,R_EX_pi(e),R_DADK,R_TKT2,R_EX_na1(e),R_GUAPRT,R_UPP3S,R_DB4PS,R_PPNCL2,R_EX_na1(e)
R_DHQS,R_DB4PS,R_METB1r,R_PUNP2,R_OMPDC,R_CA2abc,R_PPNCL2,R_CA2abc,R_DHFR,R_TKT2,R_METB1r,R_UAMAS,R_DHQS,R_OMPDC,R_TKT2
R_IPDDI,R_DHQS,R_CA2abc,R_METB1r,R_EX_na1(e),R_DB4PS,R_OMPDC,R_DB4PS,R_UAAGDS,R_DHFR,R_CA2abc,R_DHDPRy,R_IPDDI,R_EX_na1(e),R_DHFR
R_EX_pi(e),R_IPDDI,R_DB4PS,R_CA2abc,R_DHFR,R_DHQS,R_EX_na1(e),R_DHQS,R_EX_zn2(e),R_UAAGDS,R_LDH_L,R_DPCOAK,R_EX_pi(e),R_DHFR,R_UAAGDS
R_PPNCL2,R_EX_pi(e),R_DHQS,R_DB4PS,R_UAAGDS,R_IPDDI,R_TKT2,R_IPDDI,R_UPP3S,R_EX_zn2(e),R_DB4PS,R_DAPE,R_PPNCL2,R_UAAGDS,R_EX_zn2(e)
R_OMPDC,R_PPNCL2,R_IPDDI,R_DHQS,R_EX_zn2(e),R_EX_pi(e),R_DHFR,R_EX_pi(e),R_UAMAS,R_UPP3S,R_DHQS,R_PAPPT3,R_OMPDC,R_EX_zn2(e),R_UPP3S
R_EX_na1(e),R_OMPDC,R_EX_pi(e),R_IPDDI,R_UPP3S,R_PPNCL2,R_UAAGDS,R_PPNCL2,R_DHDPRy,R_UAMAS,R_IPDDI,R_ADCL,R_EX_na1(e),R_UPP3S,R_UAMAS
R_TKT2,R_EX_na1(e),R_PPNCL2,R_EX_pi(e),R_UAMAS,R_OMPDC,R_EX_zn2(e),R_OMPDC,R_DPCOAK,R_DHDPRy,R_EX_pi(e),R_NNATr,R_TKT2,R_UAMAS,R_DHDPRy
R_DHFR,R_TKT2,R_OMPDC,R_PPNCL2,R_DHDPRy,R_EX_na1(e),R_UPP3S,R_EX_na1(e),R_DAPE,R_DPCOAK,R_PPNCL2,R_GK2,R_DHFR,R_DHDPRy,R_DPCOAK
R_UAAGDS,R_DHFR,R_EX_na1(e),R_OMPDC,R_DPCOAK,R_DHFR,R_UAMAS,R_TKT2,R_PAPPT3,R_GK1,R_OMPDC,R_DHORTS,R_UAAGDS,R_DPCOAK,R_TPI
R_EX_zn2(e),R_UAAGDS,R_TKT2,R_EX_na1(e),R_DAPE,R_UAAGDS,R_DHDPRy,R_DHFR,R_ADCL,R_DAPE,R_EX_na1(e),R_ATPPRT,R_EX_zn2(e),R_DAPE,R_DAPE
R_UPP3S,R_EX_zn2(e),R_DHFR,R_DHFR,R_PAPPT3,R_EX_zn2(e),R_DPCOAK,R_UAAGDS,R_NNATr,R_PAPPT3,R_TKT2,R_G1PACT,R_UPP3S,R_PAPPT3,R_PAPPT3
R_UAMAS,R_UPP3S,R_UAAGDS,R_UAAGDS,R_ADCL,R_UPP3S,R_DAPE,R_EX_zn2(e),R_GK2,R_ADCL,R_DHFR,R_TYRTA,R_UAMAS,R_ADCL,R_ADCL
R_DHDPRy,R_UAMAS,R_EX_zn2(e),R_EX_zn2(e),R_NNATr,R_UAMAS,R_PAPPT3,R_UPP3S,R_DHORTS,R_NNATr,R_UAAGDS,R_THMabc,R_DHDPRy,R_NNATr,R_NNATr
R_DPCOAK,R_DHDPRy,R_UPP3S,R_UPP3S,R_GK2,R_DHDPRy,R_ADCL,R_UAMAS,R_ATPPRT,R_DHORTS,R_EX_zn2(e),R_UAMAGS,R_DPCOAK,R_GK2,R_GK2
R_GK1,R_DPCOAK,R_UAMAS,R_UAMAS,R_DHORTS,R_DPCOAK,R_NNATr,R_DHDPRy,R_G1PACT,R_ATPPRT,R_UPP3S,R_LEUt2r,R_GK1,R_DHORTS,R_DHORTS
R_DAPE,R_DAPE,R_DHDPRy,R_DHDPRy,R_ATPPRT,R_DAPE,R_GK2,R_DPCOAK,R_TYRTA,R_G1PACT,R_UAMAS,R_PNTK,R_TPI,R_ATPPRT,R_ATPPRT
R_PAPPT3,R_PAPPT3,R_DPCOAK,R_DPCOAK,R_G1PACT,R_PAPPT3,R_DHORTS,R_GK1,R_THMabc,R_TYRTA,R_DHDPRy,R_PMEVK,R_DAPE,R_G1PACT,R_G1PACT
R_ADCL,R_ADCL,R_DAPE,R_DAPE,R_TYRTA,R_ADCL,R_ATPPRT,R_DAPE,R_UAMAGS,R_THMabc,R_DPCOAK,R_EX_mg2(e),R_PAPPT3,R_TYRTA,R_TYRTA
R_NNATr,R_NNATr,R_PAPPT3,R_PAPPT3,R_THMabc,R_NNATr,R_G1PACT,R_PAPPT3,R_LEUt2r,R_UAMAGS,R_DAPE,R_EX_mobd(e),R_ADCL,R_THMabc,R_THMabc
R_DHORTS,R_GK2,R_ADCL,R_ADCL,R_UAMAGS,R_GK2,R_TYRTA,R_ADCL,R_PNTK,R_LEUt2r,R_PAPPT3,R_DHPS4,R_NNATr,R_UAMAGS,R_UAMAGS
R_ATPPRT,R_DHORTS,R_NNATr,R_NNATr,R_LEUt2r,R_DHORTS,R_THMabc,R_NNATr,R_DGNSK,R_PNTK,R_ADCL,R_GHMT2r,R_DHORTS,R_LEUt2r,R_LEUt2r
R_G1PACT,R_ATPPRT,R_GK2,R_GK2,R_PNTK,R_ATPPRT,R_UAMAGS,R_DHORTS,R_PMEVK,R_PMEVK,R_NNATr,R_PRATPP,R_ATPPRT,R_PNTK,R_PNTK
R_TYRTA,R_G1PACT,R_DHORTS,R_DHORTS,R_DGNSK,R_G1PACT,R_LEUt2r,R_ATPPRT,R_EX_mg2(e),R_EX_mg2(e),R_GK2,R_G3PCT,R_G1PACT,R_PMEVK,R_PMEVK
R_THMabc,R_TYRTA,R_ATPPRT,R_ATPPRT,R_GTPCI,R_TYRTA,R_PNTK,R_G1PACT,R_EX_mobd(e),R_EX_mobd(e),R_DHORTS,R_GLCpts,R_TYRTA,R_EX_mg2(e),R_EX_mg2(e)
R_UAMAGS,R_THMabc,R_G1PACT,R_G1PACT,R_PMEVK,R_THMabc,R_DGNSK,R_TYRTA,R_DHPS4,R_DHPS4,R_ATPPRT,R_PC,R_GCCc,R_EX_mobd(e),R_EX_mobd(e)
R_LEUt2r,R_UAMAGS,R_TYRTA,R_TYRTA,R_EX_mg2(e),R_UAMAGS,R_PMEVK,R_THMabc,R_GHMT2r,R_GHMT2r,R_G1PACT,R_MG2tex,R_THMabc,R_DHPS4,R_DHPS4
R_PNTK,R_LEUt2r,R_THMabc,R_THMabc,R_EX_mobd(e),R_LEUt2r,R_EX_mg2(e),R_UAMAGS,R_PRATPP,R_PRATPP,R_TYRTA,R_HSERTA,R_UAMAGS,R_GHMT2r,R_GHMT2r
R_DGNSK,R_PNTK,R_UAMAGS,R_UAMAGS,R_DHPS4,R_PNTK,R_EX_mobd(e),R_LEUt2r,R_G3PCT,R_G3PCT,R_THMabc,R_EX_cu2(e),R_LEUt2r,R_PRATPP,R_PRATPP
R_GTPCI,R_DGNSK,R_LEUt2r,R_LEUt2r,R_GHMT2r,R_DGNSK,R_DHPS4,R_PNTK,R_GLCpts,R_GLCpts,R_UAMAGS,R_PANTS,R_PNTK,R_G3PCT,R_G3PCT
R_PMEVK,R_GTPCI,R_PNTK,R_PNTK,R_PRATPP,R_GTPCI,R_GHMT2r,R_DGNSK,R_RNDR2,R_PC,R_LEUt2r,R_ORPT,R_DGNSK,R_GLCpts,R_GLCpts
R_EX_mg2(e),R_PMEVK,R_DGNSK,R_DGNSK,R_G3PCT,R_PMEVK,R_PRATPP,R_GTPCI,R_PC,R_MG2tex,R_PNTK,R_EX_ppi(e),R_PMEVK,R_PC,R_PC
R_EX_mobd(e),R_EX_mg2(e),R_GTPCI,R_GTPCI,R_GLCpts,R_EX_mg2(e),R_G3PCT,R_PMEVK,R_SUCOAS,R_HSERTA,R_DGNSK,R_NO3R2,R_EX_mg2(e),R_SUCOAS,R_MG2tex
R_DHPS4,R_EX_mobd(e),R_PMEVK,R_PMEVK,R_RNDR2,R_EX_mobd(e),R_GLCpts,R_EX_mg2(e),R_MG2tex,R_EX_cu2(e),R_PMEVK,R_CPPPGO,R_EX_mobd(e),R_MG2tex,R_HSERTA
R_GHMT2r,R_DHPS4,R_EX_mg2(e),R_EX_mg2(e),R_PC,R_DHPS4,R_RNDR2,R_EX_mobd(e),R_HSERTA,R_PANTS,R_EX_mg2(e),R_L-LACD,R_DHPS4,R_HSERTA,R_EX_cu2(e)
R_PRATPP,R_GHMT2r,R_EX_mobd(e),R_EX_mobd(e),R_SUCOAS,R_GHMT2r,R_PC,R_DHPS4,R_EX_cu2(e),R_ORPT,R_EX_mobd(e),R_L-LACD3,R_GHMT2r,R_EX_cu2(e),R_PANTS
R_G3PCT,R_PRATPP,R_DHPS4,R_DHPS4,R_MG2tex,R_PRATPP,R_SUCOAS,R_GHMT2r,R_PANTS,R_NO3R2,R_DHPS4,R_PPItex,R_PRATPP,R_PANTS,R_ORPT
R_GLCpts,R_G3PCT,R_GHMT2r,R_GHMT2r,R_HSERTA,R_G3PCT,R_MG2tex,R_PRATPP,R_ORPT,R_CPPPGO,R_GHMT2r,R_Kabc,R_G3PCT,R_ORPT,R_CPPPGO
R_RNDR2,R_GLCpts,R_PRATPP,R_PRATPP,R_EX_cu2(e),R_GLCpts,R_HSERTA,R_G3PCT,R_EX_ppi(e),R_ACOTA,R_PRATPP,R_UDCPDPS,R_GLCpts,R_CPPPGO,R_Kabc
R_PC,R_RNDR2,R_G3PCT,R_G3PCT,R_PANTS,R_RNDR2,R_EX_cu2(e),R_GLCpts,R_CPPPGO,R_D-LACD,R_G3PCT,R_PO2OR,R_RNDR2,R_Kabc,R_UDCPDPS
R_SUCOAS,R_PC,R_GLCpts,R_GLCpts,R_ORPT,R_PC,R_PANTS,R_RNDR2,R_ACOTA,R_L-LACD3,R_GLCpts,R_EX_glc(e),R_PC,R_UDCPDPS,R_PO2OR
R_MG2tex,R_SUCOAS,R_RNDR2,R_RNDR2,R_NO3R2,R_MG2tex,R_ORPT,R_PC,R_PPItex,R_Kabc,R_RNDR2,R_EX_gua(e),R_MG2tex,R_PO2OR,R_EX_glc(e)
R_HSERTA,R_MG2tex,R_PC,R_PC,R_CPPPGO,R_HSERTA,R_NO3R2,R_SUCOAS,R_Kabc,R_UDCPDPS,R_PC,R_EX_nac(e),R_HSERTA,R_EX_glc(e),R_EX_gua(e)
R_EX_cu2(e),R_HSERTA,R_SUCOAS,R_SUCOAS,R_FE3tex,R_EX_cu2(e),R_CPPPGO,R_HSERTA,R_BDOOx,R_PO2OR,R_SUCOAS,R_GLCPcom_SA,R_EX_cu2(e),R_EX_gua(e),R_EX_nac(e)
R_PANTS,R_EX_cu2(e),R_MG2tex,R_MG2tex,R_L-LACD3,R_PANTS,R_ACOTA,R_EX_cu2(e),R_BDOOy,R_EX_glc(e),R_MG2tex,R_PALASA_SA2,R_EX_h(e),R_EX_nac(e),R_GLCPcom_SA
R_ORPT,R_PANTS,R_HSERTA,R_HSERTA,R_Kabc,R_ORPT,R_L-LACD3,R_PANTS,R_UDCPDPS,R_EX_gua(e),R_HSERTA,R_PAPA_SA,R_PANTS,R_GLCPcom_SA,R_PALASA_SA2
R_EX_ppi(e),R_ORPT,R_EX_cu2(e),R_EX_cu2(e),R_UDCPDPS,R_NO3R2,R_Kabc,R_ORPT,R_PO2OR,R_EX_nac(e),R_EX_cu2(e),R_PASYN_SA,R_ORPT,R_PALASA_SA2,R_PAPA_SA
R_NO3R2,R_EX_ppi(e),R_PANTS,R_PANTS,R_PO2OR,R_CPPPGO,R_BDOOx,R_EX_ppi(e),R_EX_glc(e),R_GLCPcom_SA,R_PANTS,R_PGLYSA_SA2,R_GCCb,R_PAPA_SA,R_PASYN_SA
R_CPPPGO,R_NO3R2,R_ORPT,R_ORPT,R_EX_glc(e),R_FE3tex,R_BDOOy,R_NO3R2,R_EX_gua(e),R_PALASA_SA2,R_ORPT,R_PLEUSA_SA2,R_EX_ppi(e),R_PASYN_SA,R_PGLYSA_SA2
R_ACOTA,R_CPPPGO,R_EX_ppi(e),R_NO3R2,R_EX_gua(e),R_L-LACD3,R_UDCPDPS,R_CPPPGO,R_EX_nac(e),R_PAPA_SA,R_NO3R2,R_PLYSSA_SA2,R_CPPPGO,R_PGLYSA_SA2,R_PLEUSA_SA2
R_L-LACD3,R_ACOTA,R_CPPPGO,R_CPPPGO,R_EX_nac(e),R_Kabc,R_PO2OR,R_L-LACD,R_GLCPcom_SA,R_PASYN_SA,R_CPPPGO,R_PSD_SA,R_PPItex,R_PLEUSA_SA2,R_PLYSSA_SA2
R_PPItex,R_L-LACD3,R_ACOTA,R_FE3tex,R_GLCPcom_SA,R_AACLAM,R_EX_glc(e),R_ACOTA,R_PALASA_SA2,R_PGLYSA_SA2,R_ACOTA,R_PSSA_SA,R_Kabc,R_PLYSSA_SA2,R_PSD_SA
R_Kabc,R_PPItex,R_FE3tex,R_L-LACD3,R_PALASA_SA2,R_ACOAM,R_EX_gua(e),R_L-LACD3,R_PAPA_SA,R_PLEUSA_SA2,R_D-LACD,R_SA_free_FA,R_UDCPDPS,R_PSD_SA,R_PSSA_SA
R_BDOOx,R_Kabc,R_PPItex,R_Kabc,R_PAPA_SA,R_UDCPDPS,R_EX_nac(e),R_PPItex,R_PASYN_SA,R_PLYSSA_SA2,R_L-LACD3,R_TAGO,R_PO2OR,R_PSSA_SA,R_SA_free_FA
R_BDOOy,R_UDCPDPS,R_Kabc,R_UDCPDPS,R_PASYN_SA,R_PO2OR,R_GLCPcom_SA,R_Kabc,R_PGLYSA_SA2,R_PSD_SA,R_Kabc,R_UDPG12dgrGT_SA2,R_EX_glc(e),R_SA_free_FA,R_TAGO
R_UDCPDPS,R_PO2OR,R_BDOOx,R_PO2OR,R_PGLYSA_SA2,R_EX_glc(e),R_PALASA_SA2,R_BDOOx,R_PLEUSA_SA2,R_PSSA_SA,R_UDCPDPS,R_UDPG3g12dgrGT_SA2,R_EX_gua(e),R_TAGO,R_UDPG12dgrGT_SA2
R_PO2OR,R_EX_glc(e),R_BDOOy,R_EX_glc(e),R_PLEUSA_SA2,R_EX_gua(e),R_PAPA_SA,R_BDOOy,R_PLYSSA_SA2,R_SA_free_FA,R_PO2OR,R_sink_glyclt_c,R_EX_nac(e),R_UDPG12dgrGT_SA2,R_UDPG3g12dgrGT_SA2
R_EX_glc(e),R_EX_gua(e),R_UDCPDPS,R_EX_gua(e),R_PLYSSA_SA2,R_EX_nac(e),R_PASYN_SA,R_UDCPDPS,R_PSD_SA,R_TAGO,R_EX_glc(e),R_DROPPRy,R_GLCPcom_SA,R_UDPG3g12dgrGT_SA2,R_sink_glyclt_c
R_EX_gua(e),R_EX_nac(e),R_PO2OR,R_EX_nac(e),R_PSD_SA,R_GLCPcom_SA,R_PGLYSA_SA2,R_PO2OR,R_PSSA_SA,R_UDPG12dgrGT_SA2,R_EX_gua(e),R_DRTPPD,R_PALASA_SA2,R_sink_glyclt_c,R_DROPPRy
R_EX_nac(e),R_GLCPcom_SA,R_EX_glc(e),R_GLCPcom_SA,R_PSSA_SA,R_PALASA_SA2,R_PLEUSA_SA2,R_EX_glc(e),R_SA_free_FA,R_UDPG3g12dgrGT_SA2,R_EX_nac(e),R_ACACT1r,R_PAPA_SA,R_DROPPRy,R_DRTPPD
R_GLCPcom_SA,R_PALASA_SA2,R_EX_gua(e),R_PALASA_SA2,R_SA_free_FA,R_PAPA_SA,R_PLYSSA_SA2,R_EX_gua(e),R_TAGO,R_sink_glyclt_c,R_GLCPcom_SA,R_ADSK,R_PASYN_SA,R_DRTPPD,R_ACACT1r
R_PALASA_SA2,R_PAPA_SA,R_EX_nac(e),R_PAPA_SA,R_TAGO,R_PASYN_SA,R_PSD_SA,R_EX_nac(e),R_UDPG12dgrGT_SA2,R_DROPPRy,R_PALASA_SA2,R_ASNS1,R_PGLYSA_SA2,R_ACACT1r,R_ADSK
R_PAPA_SA,R_PASYN_SA,R_GLCPcom_SA,R_PASYN_SA,R_UDPG12dgrGT_SA2,R_PGLYSA_SA2,R_PSSA_SA,R_GLCPcom_SA,R_UDPG3g12dgrGT_SA2,R_DRTPPD,R_PAPA_SA,R_CLPNS_SA,R_PLEUSA_SA2,R_ADSK,R_ASNS1
R_PASYN_SA,R_PGLYSA_SA2,R_PALASA_SA2,R_PGLYSA_SA2,R_UDPG3g12dgrGT_SA2,R_PLEUSA_SA2,R_SA_free_FA,R_PALASA_SA2,R_sink_glyclt_c,R_ACACT1r,R_PASYN_SA,R_DASYN_SA,R_PLYSSA_SA2,R_ASNS1,R_CLPNS_SA
R_PGLYSA_SA2,R_PLEUSA_SA2,R_PAPA_SA,R_PLEUSA_SA2,R_sink_glyclt_c,R_PLYSSA_SA2,R_TAGO,R_PAPA_SA,R_DROPPRy,R_ADSK,R_PGLYSA_SA2,R_GLUSx,R_PSD_SA,R_CLPNS_SA,R_DASYN_SA
R_PLEUSA_SA2,R_PLYSSA_SA2,R_PASYN_SA,R_PLYSSA_SA2,R_DROPPRy,R_PSD_SA,R_UDPG12dgrGT_SA2,R_PASYN_SA,R_DRTPPD,R_ASNS1,R_PLEUSA_SA2,R_GUAt2,R_PSSA_SA,R_DASYN_SA,R_DHQD
R_PLYSSA_SA2,R_PSD_SA,R_PGLYSA_SA2,R_PSD_SA,R_DRTPPD,R_PSSA_SA,R_UDPG3g12dgrGT_SA2,R_PGLYSA_SA2,R_ACACT1r,R_CLPNS_SA,R_PLYSSA_SA2,R_HCO3E,R_SA_free_FA,R_GUAt2,R_GUAt2
R_PSD_SA,R_PSSA_SA,R_PLEUSA_SA2,R_PSSA_SA,R_ACACT1r,R_SA_free_FA,R_sink_glyclt_c,R_PLEUSA_SA2,R_ADSK,R_DASYN_SA,R_PSD_SA,R_KAS1,R_TAGO,R_HCO3E,R_HCO3E
R_PSSA_SA,R_SA_free_FA,R_PLYSSA_SA2,R_SA_free_FA,R_ADSK,R_TAGO,R_DROPPRy,R_PLYSSA_SA2,R_ASNS1,R_GLUSx,R_PSSA_SA,R_KAS11,R_UDPG12dgrGT_SA2,R_KAS1,R_KAS1
R_SA_free_FA,R_TAGO,R_PSD_SA,R_TAGO,R_ASNS1,R_UDPG12dgrGT_SA2,R_DRTPPD,R_PSD_SA,R_CLPNS_SA,R_GUAt2,R_SA_free_FA,R_KAS12,R_UDPG3g12dgrGT_SA2,R_KAS11,R_KAS11
R_TAGO,R_UDPG12dgrGT_SA2,R_PSSA_SA,R_UDPG12dgrGT_SA2,R_CLPNS_SA,R_UDPG3g12dgrGT_SA2,R_ACACT1r,R_PSSA_SA,R_DASYN_SA,R_HCO3E,R_TAGO,R_KAS13,R_sink_glyclt_c,R_KAS12,R_KAS12
R_UDPG12dgrGT_SA2,R_UDPG3g12dgrGT_SA2,R_SA_free_FA,R_UDPG3g12dgrGT_SA2,R_DASYN_SA,R_sink_glyclt_c,R_ADSK,R_SA_free_FA,R_GLUSx,R_KAS1,R_UDPG12dgrGT_SA2,R_KAS19SA,R_DROPPRy,R_KAS13,R_KAS13
R_UDPG3g12dgrGT_SA2,R_sink_glyclt_c,R_TAGO,R_sink_glyclt_c,R_DHQD,R_DROPPRy,R_ASNS1,R_TAGO,R_GUAt2,R_KAS11,R_UDPG3g12dgrGT_SA2,R_KAS2,R_DRTPPD,R_KAS19SA,R_KAS19SA
R_sink_glyclt_c,R_DROPPRy,R_UDPG12dgrGT_SA2,R_DROPPRy,R_GLUSx,R_DRTPPD,R_CLPNS_SA,R_UDPG12dgrGT_SA2,R_HCO3E,R_KAS12,R_sink_glyclt_c,R_KAS20SA,R_ACACT1r,R_KAS2,R_KAS2
R_DROPPRy,R_DRTPPD,R_UDPG3g12dgrGT_SA2,R_DRTPPD,R_GUAt2,R_ACACT1r,R_DASYN_SA,R_UDPG3g12dgrGT_SA2,R_KAS1,R_KAS13,R_DROPPRy,R_KAS3,R_ADSK,R_KAS20SA,R_KAS20SA
R_DRTPPD,R_ACACT1r,R_sink_glyclt_c,R_ACACT1r,R_HCO3E,R_ADSK,R_GUAt2,R_sink_glyclt_c,R_KAS11,R_KAS19SA,R_DRTPPD,R_KAS4,R_ASNS1,R_KAS3,R_KAS3
R_ACACT1r,R_ADSK,R_DROPPRy,R_ADKd,R_KAS1,R_ASNS1,R_HCO3E,R_DROPPRy,R_KAS12,R_KAS2,R_ACACT1r,R_KAS6,R_CLPNS_SA,R_KAS4,R_KAS4
R_ADSK,R_ASNS1,R_DRTPPD,R_ADSK,R_KAS11,R_CLPNS_SA,R_KAS1,R_DRTPPD,R_KAS13,R_KAS20SA,R_ADSK,R_KAS8,R_DASYN_SA,R_KAS6,R_KAS6
R_ASNS1,R_CLPNS_SA,R_ACACT1r,R_ASNS1,R_KAS12,R_DASYN_SA,R_KAS11,R_ACACT1r,R_KAS19SA,R_KAS3,R_ASNS1,R_NACUP,R_GUAt2,R_KAS8,R_KAS8
R_CLPNS_SA,R_DASYN_SA,R_ADSK,R_CLPNS_SA,R_KAS13,R_DHQD,R_KAS12,R_ADSK,R_KAS2,R_KAS4,R_CLPNS_SA,R_NIabc,R_HCO3E,R_NACUP,R_NACUP
R_DASYN_SA,R_GLUSx,R_ASNS1,R_DASYN_SA,R_KAS19SA,R_GLUSx,R_KAS13,R_ASNS1,R_KAS20SA,R_KAS6,R_DASYN_SA,R_PAPSR,R_KAS1,R_NIabc,R_NIabc
R_GLUSx,R_GUAt2,R_CLPNS_SA,R_DHQD,R_KAS2,R_GUAt2,R_KAS19SA,R_CLPNS_SA,R_KAS3,R_KAS8,R_GUAt2,R_PGMT,R_KAS11,R_PAPSR,R_PAPSR
R_GUAt2,R_HCO3E,R_DASYN_SA,R_GLUSx,R_KAS20SA,R_HCO3E,R_KAS2,R_DASYN_SA,R_KAS4,R_NACUP,R_HCO3E,R_PGPP_SA,R_KAS12,R_PGMT,R_PGMT
R_HCO3E,R_KAS1,R_GUAt2,R_GUAt2,R_KAS3,R_KAS1,R_KAS20SA,R_GLUSx,R_KAS6,R_NIabc,R_KAS1,R_PGSA_SA,R_KAS13,R_PGPP_SA,R_PGPP_SA
R_KAS1,R_KAS11,R_HCO3E,R_HCO3E,R_KAS4,R_KAS11,R_KAS3,R_GUAt2,R_KAS8,R_PAPSR,R_KAS11,R_PMDPHT,R_KAS19SA,R_PGSA_SA,R_PGSA_SA
R_KAS11,R_KAS12,R_KAS1,R_KAS1,R_KAS6,R_KAS12,R_KAS4,R_HCO3E,R_NACUP,R_PGMT,R_KAS12,R_SADT2,R_KAS2,R_PMDPHT,R_PMDPHT
R_KAS12,R_KAS13,R_KAS11,R_KAS11,R_KAS8,R_KAS13,R_KAS6,R_KAS1,R_NIabc,R_PGPP_SA,R_KAS13,R_SERAT,R_KAS20SA,R_SADT2,R_SADT2
R_KAS13,R_KAS19SA,R_KAS12,R_KAS12,R_NACUP,R_KAS19SA,R_KAS8,R_KAS11,R_PAPSR,R_PGSA_SA,R_KAS19SA,R_TECA1S,R_KAS3,R_SDPDS,R_SERAT
R_KAS19SA,R_KAS2,R_KAS13,R_KAS13,R_NIabc,R_KAS2,R_NACUP,R_KAS12,R_PGMT,R_PMDPHT,R_KAS2,R_TECA2S,R_KAS4,R_SERAT,R_TECA1S
R_KAS2,R_KAS20SA,R_KAS19SA,R_KAS19SA,R_OIVD1r,R_KAS20SA,R_NIabc,R_KAS13,R_PGPP_SA,R_SADT2,R_KAS20SA,R_TECA3S,R_KAS6,R_TECA1S,R_TECA2S
R_KAS20SA,R_KAS3,R_KAS2,R_KAS2,R_OIVD2,R_KAS3,R_PAPSR,R_KAS19SA,R_PGSA_SA,R_SERAT,R_KAS3,R_Sa_biomass_WT,R_KAS8,R_TECA2S,R_TECA3S
R_KAS3,R_KAS4,R_KAS20SA,R_KAS20SA,R_OIVD3,R_KAS4,R_PGMT,R_KAS2,R_PMDPHT,R_TECA1S,R_KAS4,Biomass_s,R_NACUP,R_TECA3S,R_Sa_biomass_WT
R_KAS4,R_KAS6,R_KAS3,R_KAS3,R_PAPSR,R_KAS6,R_PGPP_SA,R_KAS20SA,R_SADT2,R_TECA2S,R_KAS6,R_ATPS24,R_NIabc,R_THDPS,Biomass_s
R_KAS6,R_KAS8,R_KAS4,R_KAS4,R_PGMT,R_KAS8,R_PGSA_SA,R_KAS3,R_SDPDS,R_TECA3S,R_KAS8,R_HSTPTr,R_PAPSR,R_Sa_biomass_WT,R_ATPS24
R_KAS8,R_MEVK2,R_KAS6,R_KAS6,R_PGPP_SA,R_NACUP,R_PMDPHT,R_KAS4,R_SERAT,R_Sa_biomass_WT,R_NACUP,R_G6PP,R_PGMT,Biomass_s,R_HSTPTr
R_NACUP,R_NACUP,R_KAS8,R_KAS8,R_PGSA_SA,R_NIabc,R_SADT2,R_KAS6,R_TECA1S,Biomass_s,R_NIabc,R_O2t5i,R_PGPP_SA,R_ATPS24,R_G6PP
R_NIabc,R_NIabc,R_NACUP,R_NACUP,R_PMDPHT,R_OIVD1r,R_SDPDS,R_KAS8,R_TECA2S,R_ATPS24,R_PAPSR,,R_PGSA_SA,R_HSTPTr,
R_PAPSR,R_PAPSR,R_NIabc,R_NIabc,R_SADT2,R_OIVD2,R_SERAT,R_NACUP,R_TECA3S,R_HSTPTr,R_PGMT,,R_PMDPHT,R_G6PP,
R_PGMT,R_PGMT,R_PAPSR,R_OIVD1r,R_SDPDS,R_OIVD3,R_TECA1S,R_NIabc,R_THDPS,R_G6PP,R_PGPP_SA,,R_SADT2,,
R_PGPP_SA,R_PGPP_SA,R_PGMT,R_OIVD2,R_SERAT,R_PAPSR,R_TECA2S,R_PAPSR,R_Sa_biomass_WT,R_O2t5i,R_PGSA_SA,,R_SERAT,,
R_PGSA_SA,R_PGSA_SA,R_PGPP_SA,R_OIVD3,R_TECA1S,R_PGMT,R_TECA3S,R_PGMT,Biomass_s,,R_PMDPHT,,R_TECA1S,,
R_PMDPHT,R_PMDPHT,R_PGSA_SA,R_PAPSR,R_TECA2S,R_PGPP_SA,R_THDPS,R_PGPP_SA,R_ATPS24,,R_SADT2,,R_TECA2S,,
R_SADT2,R_SADT2,R_PMDPHT,R_PGMT,R_TECA3S,R_PGSA_SA,R_Sa_biomass_WT,R_PGSA_SA,R_HSTPTr,,R_SDPDS,,R_TECA3S,,
R_SDPDS,R_SDPDS,R_SADT2,R_PGPP_SA,R_THDPS,R_PMDPHT,Biomass_s,R_PMDPHT,R_G6PP,,R_SERAT,,R_Sa_biomass_WT,,
R_SERAT,R_SERAT,R_SDPDS,R_PGSA_SA,R_Sa_biomass_WT,R_SADT2,R_ATPS24,R_SADT2,,,R_TECA1S,,Biomass_s,,
R_TECA1S,R_TECA1S,R_SERAT,R_PMDPHT,Biomass_s,R_SERAT,R_HSTPTr,R_SDPDS,,,R_TECA2S,,R_ATPS24,,
R_TECA2S,R_TECA2S,R_TECA1S,R_SADT2,R_ATPS24,R_TECA1S,R_G6PP,R_SERAT,,,R_TECA3S,,R_HSTPTr,,
R_TECA3S,R_TECA3S,R_TECA2S,R_SDPDS,R_HSTPTr,R_TECA2S,R_O2t5i,R_TECA1S,,,R_THDPS,,R_G6PP,,
R_THDPS,R_THDPS,R_TECA3S,R_SERAT,R_G6PP,R_TECA3S,,R_TECA2S,,,R_Sa_biomass_WT,,,,
R_Sa_biomass_WT,R_Sa_biomass_WT,R_THDPS,R_TECA1S,R_O2t5i,R_Sa_biomass_WT,,R_TECA3S,,,Biomass_s,,,,
Biomass_s,Biomass_s,R_Sa_biomass_WT,R_TECA2S,,Biomass_s,,R_THDPS,,,R_ATPS24,,,,
R_ATPS24,R_ATPS24,Biomass_s,R_TECA3S,,R_ATPS24,,R_Sa_biomass_WT,,,R_HSTPTr,,,,
R_HSTPTr,R_HSTPTr,R_ATPS24,R_THDPS,,R_HSTPTr,,Biomass_s,,,R_G6PP,,,,
R_G6PP,R_G6PP,R_HSTPTr,R_Sa_biomass_WT,,R_G6PP,,R_ATPS24,,,R_O2t5i,,,,
R_O2t5i,R_O2t5i,R_G6PP,Biomass_s,,R_O2t5i,,R_HSTPTr,,,,,,,
,,,R_ATPS24,,,,R_G6PP,,,,,,,
,,,R_HSTPTr,,,,R_O2t5i,,,,,,,
,,,R_G6PP,,,,,,,,,,,
,,,R_O2t5i,,,,,,,,,,,
