lethal_reactions_A_1,lethal_reactions_A_2,lethal_reactions_A_3,lethal_reactions_A_4,lethal_reactions_A_5,lethal_reactions_A_6,lethal_reactions_A_7,lethal_reactions_A_8,lethal_reactions_A_9,lethal_reactions_A_10,lethal_reactions_A_11,lethal_reactions_A_12,lethal_reactions_A_13,lethal_reactions_A_14,lethal_reactions_A_15
R_GLUR,R_GLUR,R_GLUR,R_GLUR,R_GLUR,R_GLUR,R_GLUR,R_GLUR,R_GLUR,R_GLUR,R_GLUR,R_GLUR,R_GLUR,R_GLUR,R_GLUR
R_UPP3MT,R_UPP3MT,R_UPP3MT,R_UPP3MT,R_UPP3MT,R_UPP3MT,R_UPP3MT,R_UPP3MT,R_UPP3MT,R_UPP3MT,R_UPP3MT,R_UPP3MT,R_UPP3MT,R_UPP3MT,R_UPP3MT
R_EX_ca2(e),R_EX_ca2(e),R_EX_ca2(e),R_EX_ca2(e),R_EX_ca2(e),R_EX_ca2(e),R_EX_ca2(e),R_EX_ca2(e),R_EX_ca2(e),R_EX_ca2(e),R_EX_ca2(e),R_PUNP1,R_EX_ca2(e),R_PUNP1,R_PUNP1
R_ALAALAr,R_ALAALAr,R_ALAALAr,R_ALAALAr,R_ALAALAr,R_ALAALAr,R_ALAALAr,R_ALAALAr,R_ALAALAr,R_ALAALAr,R_ALAALAr,R_EX_ca2(e),R_ALAALAr,R_EX_ca2(e),R_EX_ca2(e)
R_ALATA_D,R_ALATA_D,R_ALATA_D,R_ALATA_D,R_ALATA_D,R_ALATA_D,R_ALATA_D,R_ALATA_D,R_ALATA_D,R_ALATA_D,R_ALATA_D,R_ALAALAr,R_ALATA_D,R_ALAALAr,R_ALAALAr
R_RPI,R_RPI,R_RPI,R_RPI,R_RPI,R_RPI,R_RPI,R_RPI,R_RPI,R_RPI,R_RPI,R_ALATA_D,R_RPI,R_ALATA_D,R_ALATA_D
R_SULR,R_SULR,R_SULR,R_SULR,R_SULR,R_SULR,R_SULR,R_SULR,R_SULR,R_SULR,R_SULR,R_RPI,R_SULR,R_RPI,R_RPI
R_ADCS,R_ADCS,R_ADCS,R_ADCS,R_ADCS,R_ADCS,R_ADCS,R_ADCS,R_ADCS,R_ADCS,R_ADCS,R_SULR,R_ADCS,R_SULR,R_SULR
R_THRAr,R_THRAr,R_THRAr,R_THRAr,R_THRAr,R_THRAr,R_THRAr,R_THRAr,R_THRAr,R_THRAr,R_THRAr,R_ADCS,R_THRAr,R_ADCS,R_ADCS
R_EX_so4(e),R_EX_so4(e),R_EX_so4(e),R_EX_so4(e),R_EX_so4(e),R_EX_so4(e),R_EX_so4(e),R_EX_so4(e),R_EX_so4(e),R_EX_so4(e),R_EX_so4(e),R_THRAr,R_EX_so4(e),R_THRAr,R_THRAr
R_OCBT,R_OCBT,R_OCBT,R_OCBT,R_OCBT,R_OCBT,R_OCBT,R_OCBT,R_OCBT,R_OCBT,R_OCBT,R_EX_so4(e),R_OCBT,R_EX_so4(e),R_EX_so4(e)
R_ALAR,R_ALAR,R_ALAR,R_ALAR,R_ALAR,R_ALAR,R_ALAR,R_ALAR,R_ALAR,R_ALAR,R_ALAR,R_OCBT,R_ALAR,R_OCBT,R_OCBT
R_UAGPT3,R_UAGPT3,R_UAGPT3,R_UAGPT3,R_UAGPT3,R_UAGPT3,R_UAGPT3,R_UAGPT3,R_UAGPT3,R_UAGPT3,R_UAGPT3,R_ALAR,R_UAGPT3,R_ALAR,R_ALAR
R_SO4t2,R_SO4t2,R_SO4t2,R_SO4t2,R_SO4t2,R_SO4t2,R_SO4t2,R_SO4t2,R_SO4t2,R_SO4t2,R_SO4t2,R_UAGPT3,R_SO4t2,R_UAGPT3,R_UAGPT3
R_LEUTA,R_LEUTA,R_LEUTA,R_LEUTA,R_LEUTA,R_LEUTA,R_LEUTA,R_LEUTA,R_LEUTA,R_LEUTA,R_LEUTA,R_SO4t2,R_LEUTA,R_SO4t2,R_SO4t2
R_AGLYPT,R_AGLYPT,R_AGLYPT,R_AGLYPT,R_AGLYPT,R_AGLYPT,R_AGLYPT,R_AGLYPT,R_AGLYPT,R_AGLYPT,R_AGLYPT,R_LEUTA,R_AGLYPT,R_LEUTA,R_LEUTA
R_PRMICIi,R_PRMICIi,R_PRMICIi,R_PRMICIi,R_PRMICIi,R_PRMICIi,R_PRMICIi,R_PRMICIi,R_PRMICIi,R_PRMICIi,R_PRMICIi,R_AGLYPT,R_PRMICIi,R_AGLYPT,R_AGLYPT
R_DHDPS,R_DHDPS,R_DHDPS,R_DHDPS,R_DHDPS,R_DHDPS,R_DHDPS,R_DHDPS,R_DHDPS,R_DHDPS,R_DHDPS,R_PRMICIi,R_DHDPS,R_PRMICIi,R_PRMICIi
R_FACOAL150AI,R_FACOAL150AI,R_FACOAL150AI,R_FACOAL150AI,R_FACOAL150AI,R_FACOAL150AI,R_ADK1,R_ADK1,R_ADK1,R_ADK1,R_ADK1,R_DHDPS,R_FACOAL150AI,R_DHDPS,R_DHDPS
R_PUNP4,R_PUNP4,R_PUNP4,R_PUNP4,R_MTHFD,R_CYSS,R_MTHFD,R_MTHFD,R_MTHFD,R_PUNP4,R_MTHFD,R_PUNP4,R_PUNP4,R_ADK1,R_ADK1
R_CYSS,R_CYSS,R_CYSS,R_CYSS,R_PUNP4,R_HSK,R_PUNP4,R_PUNP4,R_PUNP4,R_CYSS,R_PUNP4,R_CYSS,R_CYSS,R_PUNP4,R_CYSS
R_HSK,R_HSK,R_HSK,R_HSK,R_CYSS,R_AHCYSNS,R_CYSS,R_CYSS,R_CYSS,R_HSK,R_CYSS,R_HSK,R_HSK,R_CYSS,R_HSK
R_AHCYSNS,R_MEVK1,R_MEVK1,R_MEVK1,R_HSK,R_AICART,R_HSK,R_HSK,R_HSK,R_MEVK1,R_HSK,R_MEVK1,R_AHCYSNS,R_HSK,R_MEVK1
R_AICART,R_AHCYSNS,R_AHCYSNS,R_AHCYSNS,R_MEVK1,R_SHK3Dr,R_MEVK1,R_MEVK1,R_MEVK1,R_AHCYSNS,R_MEVK1,R_AHCYSNS,R_PRFGS,R_MEVK1,R_AHCYSNS
R_SHK3Dr,R_AICART,R_AICART,R_AICART,R_AHCYSNS,R_IGPDH,R_AHCYSNS,R_AHCYSNS,R_AHCYSNS,R_AICART,R_AHCYSNS,R_PUNP5,R_AICART,R_AHCYSNS,R_AICART
R_IGPDH,R_SHK3Dr,R_SHK3Dr,R_SHK3Dr,R_AICART,R_VALTA,R_AICART,R_AICART,R_AICART,R_SHK3Dr,R_AICART,R_AICART,R_SHK3Dr,R_AICART,R_SHK3Dr
R_VALTA,R_IGPDH,R_IGPDH,R_IGPDH,R_SHK3Dr,R_CS,R_SHK3Dr,R_SHK3Dr,R_SHK3Dr,R_IGPDH,R_SHK3Dr,R_SHK3Dr,R_IGPDH,R_SHK3Dr,R_IGPDH
R_CS,R_VALTA,R_VALTA,R_VALTA,R_IGPDH,R_DHFS,R_IGPDH,R_IGPDH,R_IGPDH,R_VALTA,R_IGPDH,R_IGPDH,R_VALTA,R_IGPDH,R_VALTA
R_DHFS,R_CS,R_CS,R_CS,R_VALTA,R_GMPR,R_VALTA,R_VALTA,R_VALTA,R_DHFS,R_VALTA,R_VALTA,R_DHFS,R_VALTA,R_DHFS
R_GMPR,R_DHFS,R_DHFS,R_DHFS,R_CS,R_TMDS,R_DHFS,R_DHFS,R_DHFS,R_TMDS,R_DHFS,R_DHFS,R_TMDS,R_CS,R_GMPR
R_TMDS,R_GMPR,R_GMPR,R_GMPR,R_DHFS,R_HEMEOS,R_GMPR,R_GMPR,R_GMPR,R_HEMEOS,R_GMPR,R_GMPR,R_HEMEOS,R_DHFS,R_TMDS
R_HEMEOS,R_TMDS,R_TMDS,R_TMDS,R_GMPR,R_CHORM,R_TMDS,R_TMDS,R_TMDS,R_CHORM,R_TMDS,R_TMDS,R_CHORM,R_GMPR,R_HEMEOS
R_CHORM,R_HEMEOS,R_HEMEOS,R_HEMEOS,R_TMDS,R_ANPRT,R_HEMEOS,R_HEMEOS,R_HEMEOS,R_ANPRT,R_HEMEOS,R_HEMEOS,R_ANPRT,R_TMDS,R_CHORM
R_ANPRT,R_CHORM,R_CHORM,R_CHORM,R_HEMEOS,R_PRAI,R_CHORM,R_CHORM,R_CHORM,R_PRAI,R_CHORM,R_CHORM,R_PRAI,R_HEMEOS,R_ANPRT
R_PRAI,R_ANPRT,R_ANPRT,R_ANPRT,R_CHORM,R_UAG2E,R_ANPRT,R_ANPRT,R_ANPRT,R_UAG2E,R_ANPRT,R_ANPRT,R_UAG2E,R_CHORM,R_PRAI
R_UAG2E,R_PRAI,R_PRAI,R_PRAI,R_ANPRT,R_PPNDH,R_PRAI,R_PRAI,R_PRAI,R_PPNDH,R_PRAI,R_PRAI,R_PPNDH,R_ANPRT,R_UAG2E
R_PPNDH,R_UAG2E,R_UAG2E,R_UAG2E,R_PRAI,R_GLNS,R_UAG2E,R_UAG2E,R_UAG2E,R_GLNS,R_UAG2E,R_UAG2E,R_GLNS,R_PRAI,R_PPNDH
R_GLNS,R_PPNDH,R_PPNDH,R_PPNDH,R_UAG2E,R_NDPK4,R_PPNDH,R_PPNDH,R_PPNDH,R_NDPK4,R_PPNDH,R_PPNDH,R_NDPK4,R_UAG2E,R_GLNS
R_NDPK4,R_GLNS,R_GLNS,R_GLNS,R_PPNDH,R_HMBS,R_GLNS,R_GLNS,R_GLNS,R_HMBS,R_GLNS,R_GLNS,R_HMBS,R_PPNDH,R_NDPK4
R_HMBS,R_NDPK4,R_NDPK4,R_NDPK4,R_GLNS,R_UAPGR,R_NDPK4,R_NDPK4,R_NDPK4,R_UAPGR,R_NDPK4,R_NDPK4,R_UAPGR,R_GLNS,R_HMBS
R_UAPGR,R_HMBS,R_HMBS,R_HMBS,R_NDPK4,R_UAGDP,R_HMBS,R_HMBS,R_HMBS,R_UAGDP,R_HMBS,R_HMBS,R_UAGDP,R_NDPK4,R_UAPGR
R_UAGDP,R_UAPGR,R_UAPGR,R_UAPGR,R_HMBS,R_GRTT,R_UAPGR,R_UAPGR,R_UAPGR,R_GRTT,R_UAPGR,R_UAPGR,R_GRTT,R_HMBS,R_UAGDP
R_GRTT,R_UAGDP,R_UAGDP,R_UAGDP,R_UAPGR,R_GTPCII,R_UAGDP,R_UAGDP,R_UAGDP,R_GTPCII,R_UAGDP,R_UAGDP,R_GTPCII,R_UAPGR,R_GRTT
R_GTPCII,R_GRTT,R_GRTT,R_GRTT,R_UAGDP,R_PPPGO,R_GRTT,R_GRTT,R_GRTT,R_PPPGO,R_GRTT,R_GRTT,R_PPPGO,R_UAGDP,R_GTPCII
R_PPPGO,R_GTPCII,R_GTPCII,R_GTPCII,R_GRTT,R_EX_o2(e),R_GTPCII,R_GTPCII,R_GTPCII,R_DPMVD,R_GTPCII,R_GTPCII,R_EX_o2(e),R_GRTT,R_PPPGO
R_DPMVD,R_PPPGO,R_PPPGO,R_PPPGO,R_GTPCII,R_DPMVD,R_PPPGO,R_PPPGO,R_PPPGO,R_HMGCOARi,R_PPPGO,R_PPPGO,R_DPMVD,R_GTPCII,R_EX_o2(e)
R_ACONTa,R_DPMVD,R_EX_o2(e),R_EX_o2(e),R_PPPGO,R_ACONTa,R_EX_o2(e),R_EX_o2(e),R_EX_o2(e),R_NDPK5,R_EX_o2(e),R_EX_o2(e),R_HMGCOARi,R_PPPGO,R_DPMVD
R_NDPK5,R_ACONTa,R_DPMVD,R_DPMVD,R_EX_o2(e),R_NDPK5,R_DPMVD,R_DPMVD,R_DPMVD,R_MNt2,R_DPMVD,R_DPMVD,R_NDPK5,R_EX_o2(e),R_HMGCOARi
R_MNt2,R_NDPK5,R_ACONTa,R_ACONTa,R_DPMVD,R_FF_8,R_NDPK5,R_NDPK5,R_NDPK5,R_DDPA,R_NDPK5,R_NDPK5,R_MNt2,R_DPMVD,R_NDPK5
R_DDPA,R_MNt2,R_HMGCOARi,R_NDPK5,R_ACONTa,R_DDPA,R_MNt2,R_MNt2,R_MNt2,R_EX_ni2(e),R_MNt2,R_MNt2,R_FF_8,R_ACONTa,R_MNt2
R_EX_ni2(e),R_DDPA,R_NDPK5,R_FF_8,R_NDPK5,R_EX_ni2(e),R_FF_8,R_FF_8,R_FF_8,R_DAPDC,R_FF_8,R_FF_8,R_DDPA,R_NDPK5,R_FF_8
R_DAPDC,R_EX_ni2(e),R_MNt2,R_DDPA,R_FF_8,R_DAPDC,R_DDPA,R_DDPA,R_DDPA,R_EX_leu-L(e),R_DDPA,R_DDPA,R_EX_ni2(e),R_MNt2,R_DDPA
R_EX_leu-L(e),R_DAPDC,R_FF_8,R_EX_ni2(e),R_DDPA,R_EX_leu-L(e),R_EX_ni2(e),R_EX_ni2(e),R_EX_ni2(e),R_ASPTA,R_EX_ni2(e),R_EX_ni2(e),R_DAPDC,R_FF_8,R_EX_ni2(e)
R_ASPTA,R_EX_leu-L(e),R_DDPA,R_DAPDC,R_EX_ni2(e),R_ASPTA,R_DAPDC,R_DAPDC,R_DAPDC,R_PYK,R_DAPDC,R_DAPDC,R_EX_leu-L(e),R_DDPA,R_DAPDC
R_PYK,R_ASPTA,R_EX_ni2(e),R_EX_leu-L(e),R_DAPDC,R_UAG4E,R_EX_leu-L(e),R_EX_leu-L(e),R_EX_leu-L(e),R_UAG4E,R_EX_leu-L(e),R_EX_leu-L(e),R_ASPTA,R_EX_ni2(e),R_EX_leu-L(e)
R_PIabc,R_PYK,R_DAPDC,R_ASPTA,R_EX_leu-L(e),R_ILETA,R_ASPTA,R_ASPTA,R_ASPTA,R_ILETA,R_ASPTA,R_ASPTA,R_PIabc,R_DAPDC,R_ASPTA
R_UAG4E,R_PIabc,R_EX_leu-L(e),R_UAG4E,R_ASPTA,R_EX_mn2(e),R_PIabc,R_PIabc,R_PIabc,R_EX_mn2(e),R_PIabc,R_PIabc,R_UAG4E,R_EX_leu-L(e),R_PIabc
R_ILETA,R_UAG4E,R_ASPTA,R_ILETA,R_UAG4E,R_ANTIP,R_UAG4E,R_UAG4E,R_UAG4E,R_ANTIP,R_UAG4E,R_UAG4E,R_ILETA,R_ASPTA,R_UAG4E
R_EX_mn2(e),R_ILETA,R_PIabc,R_EX_mn2(e),R_ILETA,R_ADSS,R_ILETA,R_ILETA,R_ILETA,R_ADSS,R_ILETA,R_ILETA,R_EX_mn2(e),R_PIabc,R_ILETA
R_ANTIP,R_EX_mn2(e),R_UAG4E,R_ANTIP,R_EX_mn2(e),R_TMDPK,R_EX_mn2(e),R_EX_mn2(e),R_EX_mn2(e),R_TMDPK,R_EX_mn2(e),R_EX_mn2(e),R_ANTIP,R_UAG4E,R_EX_mn2(e)
R_ADSS,R_ANTIP,R_ILETA,R_ADSS,R_ANTIP,R_SHCHF,R_ANTIP,R_ANTIP,R_ANTIP,R_SHCHF,R_ANTIP,R_ANTIP,R_ADSS,R_ILETA,R_ANTIP
R_TMDPK,R_ADSS,R_EX_mn2(e),R_TMDPK,R_ADSS,R_MTHFR3,R_ADSS,R_ADSS,R_ADSS,R_MTHFR3,R_ADSS,R_ADSS,R_TMDPK,R_EX_mn2(e),R_ADSS
R_SHCHF,R_TMDPK,R_ANTIP,R_SHCHF,R_TMDPK,R_IG3PS,R_TMDPK,R_TMDPK,R_TMDPK,R_IG3PS,R_TMDPK,R_TMDPK,R_SHCHF,R_ANTIP,R_TMDPK
R_MTHFR3,R_SHCHF,R_ADSS,R_MTHFR3,R_SHCHF,R_ASPCT,R_SHCHF,R_SHCHF,R_SHCHF,R_ASPCT,R_SHCHF,R_SHCHF,R_MTHFR3,R_ADSS,R_SHCHF
R_IG3PS,R_MTHFR3,R_TMDPK,R_IG3PS,R_MTHFR3,R_PPCDC,R_MTHFR3,R_MTHFR3,R_MTHFR3,R_PPCDC,R_MTHFR3,R_MTHFR3,R_IG3PS,R_TMDPK,R_MTHFR3
R_ASPCT,R_IG3PS,R_SHCHF,R_ASPCT,R_IG3PS,R_PSCVT,R_IG3PS,R_IG3PS,R_IG3PS,R_PSCVT,R_IG3PS,R_IG3PS,R_ASPCT,R_SHCHF,R_IG3PS
R_PPCDC,R_ASPCT,R_MTHFR3,R_PPCDC,R_ASPCT,R_EX_thm(e),R_ASPCT,R_ASPCT,R_ASPCT,R_EX_thm(e),R_ASPCT,R_ASPCT,R_PPCDC,R_MTHFR3,R_ASPCT
R_PSCVT,R_PPCDC,R_IG3PS,R_PSCVT,R_PPCDC,R_GLUTRR,R_PPCDC,R_PPCDC,R_PPCDC,R_GLUTRR,R_PPCDC,R_PPCDC,R_PSCVT,R_IG3PS,R_PPCDC
R_EX_thm(e),R_PSCVT,R_ASPCT,R_EX_thm(e),R_PSCVT,R_PPBNGS,R_PSCVT,R_PSCVT,R_PSCVT,R_PPBNGS,R_PSCVT,R_PTPAT,R_EX_thm(e),R_ASPCT,R_PSCVT
R_GLUTRR,R_EX_thm(e),R_PPCDC,R_GLUTRR,R_EX_thm(e),R_HSDy,R_EX_thm(e),R_EX_thm(e),R_EX_thm(e),R_HSDy,R_EX_thm(e),R_PSCVT,R_GLUTRR,R_PPCDC,R_EX_thm(e)
R_PPBNGS,R_GLUTRR,R_PTPAT,R_PPBNGS,R_GLUTRR,R_PGAMT,R_GLUTRR,R_GLUTRR,R_GLUTRR,R_PGAMT,R_GLUTRR,R_EX_thm(e),R_PPBNGS,R_PSCVT,R_GLUTRR
R_HSDy,R_PPBNGS,R_PSCVT,R_HSDy,R_PPBNGS,R_PRAMPC,R_PPBNGS,R_PPBNGS,R_PPBNGS,R_PRAMPC,R_PPBNGS,R_GLUTRR,R_HSDy,R_EX_thm(e),R_PPBNGS
R_PGAMT,R_HSDy,R_EX_thm(e),R_PGAMT,R_HSDy,R_UDCPDPpp,R_HSDy,R_HSDy,R_HSDy,R_UDCPDPpp,R_HSDy,R_PPBNGS,R_PGAMT,R_GLUTRR,R_HSDy
R_PRAMPC,R_PGAMT,R_GLUTRR,R_PRAMPC,R_PGAMT,R_G3PD2,R_PGAMT,R_PGAMT,R_PGAMT,R_G3PD2,R_PGAMT,R_HSDy,R_PRAMPC,R_PPBNGS,R_PGAMT
R_UDCPDPpp,R_PRAMPC,R_PPBNGS,R_UDCPDPpp,R_PRAMPC,R_EX_cobalt2(e),R_PRAMPC,R_PRAMPC,R_PRAMPC,R_EX_cobalt2(e),R_PRAMPC,R_PGAMT,R_UDCPDPpp,R_HSDy,R_PRAMPC
R_G3PD2,R_UDCPDPpp,R_HSDy,R_G3PD2,R_UDCPDPpp,R_DHAD3,R_UDCPDPpp,R_UDCPDPpp,R_UDCPDPpp,R_DHAD3,R_UDCPDPpp,R_PRAMPC,R_G3PD2,R_PGAMT,R_UDCPDPpp
R_EX_cobalt2(e),R_G3PD2,R_PGAMT,R_EX_cobalt2(e),R_G3PD2,R_GCALDD,R_G3PD2,R_G3PD2,R_G3PD2,R_GCALDD,R_G3PD2,R_UDCPDPpp,R_EX_cobalt2(e),R_PRAMPC,R_G3PD2
R_DHAD3,R_EX_cobalt2(e),R_PRAMPC,R_DHAD3,R_EX_cobalt2(e),R_DHNPA2,R_EX_cobalt2(e),R_EX_cobalt2(e),R_EX_cobalt2(e),R_DHNPA2,R_EX_cobalt2(e),R_G3PD2,R_DHAD3,R_UDCPDPpp,R_EX_cobalt2(e)
R_GCALDD,R_DHAD3,R_UDCPDPpp,R_GCALDD,R_DHAD3,R_FF_11,R_DHAD3,R_DHAD3,R_DHAD3,R_FF_11,R_DHAD3,R_EX_cobalt2(e),R_GCALDD,R_G3PD2,R_DHAD3
R_DHNPA2,R_GCALDD,R_G3PD2,R_DHNPA2,R_GCALDD,R_GLUTRS,R_GCALDD,R_GCALDD,R_GCALDD,R_GLUTRS,R_GCALDD,R_GALUr,R_DHNPA2,R_EX_cobalt2(e),R_GCALDD
R_FF_11,R_DHNPA2,R_EX_cobalt2(e),R_FF_11,R_DHNPA2,R_EX_dhptd_c,R_DHNPA2,R_DHNPA2,R_DHNPA2,R_FTHFL,R_DHNPA2,R_DHAD3,R_FF_11,R_GALUr,R_DHNPA2
R_GLUTRS,R_FF_11,R_DHAD3,R_GLUTRS,R_FF_11,R_DPR,R_FF_11,R_FF_11,R_FF_11,R_EX_dhptd_c,R_FF_11,R_GCALDD,R_GLUPRT,R_DHAD3,R_FF_11
R_EX_dhptd_c,R_GLUTRS,R_GCALDD,R_EX_dhptd_c,R_MTHFC,R_UGMDDS,R_MTHFC,R_MTHFC,R_MTHFC,R_DPR,R_MTHFC,R_DHNPA2,R_GLUTRS,R_GCALDD,R_GLUTRS
R_DPR,R_EX_dhptd_c,R_DHNPA2,R_DPR,R_GLUTRS,R_MOHMT,R_GLUTRS,R_GLUTRS,R_GLUTRS,R_UGMDDS,R_GLUTRS,R_FF_11,R_EX_dhptd_c,R_DHNPA2,R_EX_dhptd_c
R_UGMDDS,R_DPR,R_FF_11,R_UGMDDS,R_FTHFL,R_ORNCD,R_FTHFL,R_FTHFL,R_FTHFL,R_MOHMT,R_FTHFL,R_GLUTRS,R_DPR,R_FF_11,R_DPR
R_MOHMT,R_UGMDDS,R_GLUTRS,R_MOHMT,R_EX_dhptd_c,R_ASAD,R_EX_dhptd_c,R_EX_dhptd_c,R_EX_dhptd_c,R_ORNCD,R_EX_dhptd_c,R_EX_dhptd_c,R_UGMDDS,R_GLUTRS,R_UGMDDS
R_ORNCD,R_MOHMT,R_EX_dhptd_c,R_ORNCD,R_DPR,R_SHCHD2,R_DPR,R_DPR,R_DPR,R_ASAD,R_DPR,R_DPR,R_MOHMT,R_EX_dhptd_c,R_MOHMT
R_ASAD,R_ORNCD,R_DPR,R_ASAD,R_UGMDDS,R_CYTK2,R_UGMDDS,R_UGMDDS,R_UGMDDS,R_SHCHD2,R_UGMDDS,R_UGMDDS,R_ORNCD,R_DPR,R_ORNCD
R_SHCHD2,R_ASAD,R_UGMDDS,R_SHCHD2,R_MOHMT,R_G1SAT,R_MOHMT,R_MOHMT,R_MOHMT,R_CYTK2,R_MOHMT,R_MOHMT,R_ASAD,R_UGMDDS,R_ASAD
R_CYTK2,R_SHCHD2,R_MOHMT,R_CYTK2,R_ORNCD,R_RHCCE,R_ORNCD,R_ORNCD,R_ORNCD,R_RHCCE,R_ORNCD,R_ORNCD,R_SHCHD2,R_MOHMT,R_SHCHD2
R_RHCCE,R_CYTK2,R_ORNCD,R_G1SAT,R_ASAD,R_RBFSb,R_ASAD,R_ASAD,R_ASAD,R_RBFSb,R_ASAD,R_ASAD,R_CYTK2,R_ORNCD,R_CYTK2
R_RBFSb,R_RHCCE,R_ASAD,R_RHCCE,R_SHCHD2,R_NDPK1,R_SHCHD2,R_SHCHD2,R_SHCHD2,R_NDPK1,R_SHCHD2,R_SHCHD2,R_RHCCE,R_ASAD,R_RHCCE
R_NDPK1,R_RBFSb,R_SHCHD2,R_RBFSb,R_CYTK2,R_DTMPK,R_CYTK2,R_CYTK2,R_CYTK2,R_DTMPK,R_CYTK2,R_CYTK2,R_RBFSb,R_SHCHD2,R_RBFSb
R_DTMPK,R_NDPK1,R_CYTK2,R_NDPK1,R_G1SAT,R_ASP1DC,R_RHCCE,R_RHCCE,R_RHCCE,R_ASP1DC,R_RHCCE,R_RHCCE,R_NDPK1,R_CYTK2,R_NDPK1
R_ASP1DC,R_DTMPK,R_RHCCE,R_DTMPK,R_RHCCE,R_EX_cl(e),R_RBFSb,R_RBFSb,R_RBFSb,R_EX_cl(e),R_RBFSb,R_RBFSb,R_DTMPK,R_RHCCE,R_DTMPK
R_EX_cl(e),R_ASP1DC,R_RBFSb,R_ASP1DC,R_RBFSb,R_BPNT,R_NDPK1,R_NDPK1,R_NDPK1,R_BPNT,R_NDPK1,R_NDPK1,R_ASP1DC,R_RBFSb,R_ASP1DC
R_BPNT,R_EX_cl(e),R_NDPK1,R_EX_cl(e),R_NDPK1,R_DHORD,R_DTMPK,R_DTMPK,R_DTMPK,R_DHORD,R_DTMPK,R_DTMPK,R_EX_cl(e),R_NDPK1,R_EX_cl(e)
R_DHORD,R_BPNT,R_DTMPK,R_BPNT,R_DTMPK,R_RBFSa,R_ASP1DC,R_ASP1DC,R_ASP1DC,R_RBFSa,R_ASP1DC,R_ASP1DC,R_BPNT,R_DTMPK,R_BPNT
R_RBFSa,R_DHORD,R_ASP1DC,R_DHORD,R_ASP1DC,R_UMPK,R_EX_cl(e),R_EX_cl(e),R_EX_cl(e),R_UMPK,R_EX_cl(e),R_EX_cl(e),R_DHORD,R_ASP1DC,R_DHORD
R_UMPK,R_RBFSa,R_EX_cl(e),R_RBFSa,R_EX_cl(e),R_CLtex,R_BPNT,R_BPNT,R_BPNT,R_CLtex,R_BPNT,R_BPNT,R_RBFSa,R_EX_cl(e),R_RBFSa
R_CLtex,R_UMPK,R_BPNT,R_UMPK,R_BPNT,R_CHORS,R_DHORD,R_DHORD,R_DHORD,R_CHORS,R_DHORD,R_DHORD,R_UMPK,R_BPNT,R_UMPK
R_CHORS,R_CLtex,R_DHORD,R_CLtex,R_DHORD,R_TRDR,R_RBFSa,R_RBFSa,R_RBFSa,R_TRDR,R_RBFSa,R_RBFSa,R_CLtex,R_DHORD,R_CLtex
R_TRDR,R_CHORS,R_RBFSa,R_CHORS,R_RBFSa,R_IMPC,R_UMPK,R_UMPK,R_UMPK,R_IMPC,R_UMPK,R_UMPK,R_CHORS,R_RBFSa,R_CHORS
R_IMPC,R_TRDR,R_UMPK,R_TRDR,R_UMPK,R_ADSL1,R_CLtex,R_CLtex,R_CLtex,R_ADSL1,R_CLtex,R_CLtex,R_TRDR,R_UMPK,R_TRDR
R_ADSL1,R_IMPC,R_CLtex,R_IMPC,R_CLtex,R_RBFK,R_CHORS,R_CHORS,R_CHORS,R_RBFK,R_CHORS,R_CHORS,R_EX_nh4(e),R_CLtex,R_IMPC
R_RBFK,R_ADSL1,R_CHORS,R_ADSL1,R_CHORS,R_NDPK2,R_TRDR,R_TRDR,R_TRDR,R_NDPK2,R_TRDR,R_TRDR,R_IMPC,R_NADKd,R_ADSL1
R_NDPK2,R_RBFK,R_TRDR,R_RBFK,R_TRDR,R_FMNAT,R_IMPC,R_IMPC,R_IMPC,R_GCCa,R_IMPC,R_IMPC,R_ADSL1,R_CHORS,R_RBFK
R_FMNAT,R_NDPK2,R_IMPC,R_NDPK2,R_IMPC,R_NADS1,R_ADSL1,R_ADSL1,R_ADSL1,R_FMNAT,R_ADSL1,R_ADSL1,R_RBFK,R_TRDR,R_NDPK2
R_NADS1,R_FMNAT,R_ADSL1,R_FMNAT,R_ADSL1,R_THRS,R_RBFK,R_RBFK,R_RBFK,R_NADS1,R_RBFK,R_RBFK,R_NDPK2,R_IMPC,R_PGI
R_THRS,R_NADS1,R_RBFK,R_NADS1,R_RBFK,R_TECA4S,R_NDPK2,R_NDPK2,R_NDPK2,R_THRS,R_NDPK2,R_NDPK2,R_PGI,R_ADSL1,R_FMNAT
R_ACGK,R_THRS,R_NDPK2,R_THRS,R_NDPK2,R_EX_k(e),R_FMNAT,R_FMNAT,R_NTD6pp,R_ACGK,R_FMNAT,R_FMNAT,R_FMNAT,R_RBFK,R_RPE
R_TECA4S,R_ACGK,R_FMNAT,R_TECA4S,R_FMNAT,R_NADK,R_NADS1,R_NADS1,R_FMNAT,R_TECA4S,R_NADS1,R_NADS1,R_RPE,R_NDPK2,R_NADS1
R_EX_k(e),R_TECA4S,R_NADS1,R_EX_k(e),R_NADS1,R_BTCCPL,R_THRS,R_THRS,R_NADS1,R_EX_k(e),R_THRS,R_THRS,R_NADS1,R_PGI,R_THRS
R_NADK,R_EX_k(e),R_THRS,R_NADK,R_THRS,R_PHETA1,R_ACGK,R_ACGK,R_THRS,R_NADK,R_ACGK,R_ACGK,R_THRS,R_FMNAT,R_ACGK
R_BTCCPL,R_NADK,R_ACGK,R_BTCCPL,R_TECA4S,R_MOBDabc,R_TECA4S,R_TECA4S,R_ACGK,R_BTCCPL,R_TECA4S,R_TECA4S,R_ACGK,R_RPE,R_TECA4S
R_PHETA1,R_BTCCPL,R_TECA4S,R_PHETA1,R_EX_k(e),R_FCLT,R_EX_k(e),R_EX_k(e),R_TECA4S,R_PHETA1,R_EX_k(e),R_EX_k(e),R_TECA4S,R_NADS1,R_EX_k(e)
R_MOBDabc,R_PHETA1,R_EX_k(e),R_MOBDabc,R_NADK,R_DHAD1,R_NADK,R_NADK,R_EX_k(e),R_MOBDabc,R_NADK,R_NADK,R_EX_k(e),R_THRS,R_NADK
R_FCLT,R_MOBDabc,R_NADK,R_FCLT,R_BTCCPL,R_DMATT,R_BTCCPL,R_BTCCPL,R_NADK,R_FCLT,R_BTCCPL,R_HXPRT,R_NADK,R_TECA4S,R_HXPRT
R_DHAD1,R_FCLT,R_BTCCPL,R_DHAD1,R_PHETA1,R_UPPDC1,R_PHETA1,R_PHETA1,R_BTCCPL,R_DHAD1,R_PHETA1,R_BTCCPL,R_BTCCPL,R_EX_k(e),R_BTCCPL
R_DMATT,R_DHAD1,R_PHETA1,R_DMATT,R_MOBDabc,R_COBALT2tex,R_MOBDabc,R_MOBDabc,R_PHETA1,R_DMATT,R_MOBDabc,R_PHETA1,R_PHETA1,R_HXPRT,R_PHETA1
R_UPPDC1,R_DMATT,R_MOBDabc,R_UPPDC1,R_FCLT,R_PRPPS,R_FCLT,R_FCLT,R_MOBDabc,R_UPPDC1,R_FCLT,R_MOBDabc,R_MOBDabc,R_BTCCPL,R_MOBDabc
R_COBALT2tex,R_UPPDC1,R_FCLT,R_COBALT2tex,R_DHAD1,R_ACCO2L,R_DHAD1,R_DHAD1,R_FCLT,R_COBALT2tex,R_DHAD1,R_FCLT,R_FCLT,R_PHETA1,R_FCLT
R_PRPPS,R_COBALT2tex,R_DHAD1,R_PRPPS,R_DMATT,R_SHKK,R_DMATT,R_DMATT,R_DHAD1,R_PRPPS,R_DMATT,R_DHAD1,R_DHAD1,R_MOBDabc,R_DHAD1
R_ACCO2L,R_PRPPS,R_DMATT,R_ACCO2L,R_UPPDC1,R_HISTP,R_UPPDC1,R_UPPDC1,R_DMATT,R_ACCO2L,R_UPPDC1,R_DMATT,R_DMATT,R_FCLT,R_DMATT
R_SHKK,R_ACCO2L,R_UPPDC1,R_SHKK,R_COBALT2tex,R_FUM,R_COBALT2tex,R_COBALT2tex,R_UPPDC1,R_SHKK,R_COBALT2tex,R_UPPDC1,R_UPPDC1,R_DHAD1,R_UPPDC1
R_HISTP,R_SHKK,R_COBALT2tex,R_HISTP,R_PRPPS,R_METAT,R_PRPPS,R_PRPPS,R_COBALT2tex,R_HISTP,R_PRPPS,R_COBALT2tex,R_COBALT2tex,R_DMATT,R_COBALT2tex
R_FUM,R_HISTP,R_PRPPS,R_FUM,R_ACCO2L,R_NAPRTr,R_ACCO2L,R_ACCO2L,R_PRPPS,R_FRD2,R_ACCO2L,R_PRPPS,R_PRPPS,R_UPPDC1,R_PRPPS
R_METAT,R_FUM,R_ACCO2L,R_METAT,R_SHKK,R_UAGCVT,R_SHKK,R_SHKK,R_ACCO2L,R_METAT,R_SHKK,R_ACCO2L,R_ACCO2L,R_COBALT2tex,R_ACCO2L
R_NAPRTr,R_METAT,R_SHKK,R_NAPRTr,R_HISTP,R_IGPS,R_HISTP,R_HISTP,R_SHKK,R_NAPRTr,R_HISTP,R_SHKK,R_SHKK,R_PRPPS,R_SHKK
R_UAGCVT,R_NAPRTr,R_HISTP,R_UAGCVT,R_FUM,R_GUAPRT,R_FRD2,R_FRD2,R_HISTP,R_UAGCVT,R_FRD2,R_HISTP,R_HISTP,R_ACCO2L,R_HISTP
R_IGPS,R_UAGCVT,R_FUM,R_IGPS,R_METAT,R_METB1r,R_METAT,R_METAT,R_FRD2,R_IGPS,R_METAT,R_FRD2,R_FRD2,R_SHKK,R_METAT
R_GUAPRT,R_IGPS,R_METAT,R_GUAPRT,R_NAPRTr,R_CA2abc,R_NAPRTr,R_NAPRTr,R_METAT,R_GUAPRT,R_NAPRTr,R_METAT,R_METAT,R_HISTP,R_NAPRTr
R_METB1r,R_GUAPRT,R_NAPRTr,R_METB1r,R_UAGCVT,R_DB4PS,R_UAGCVT,R_UAGCVT,R_NAPRTr,R_METB1r,R_UAGCVT,R_NAPRTr,R_NAPRTr,R_FUM,R_UAGCVT
R_CA2abc,R_METB1r,R_UAGCVT,R_CA2abc,R_IGPS,R_DHQS,R_IGPS,R_IGPS,R_UAGCVT,R_CA2abc,R_IGPS,R_UAGCVT,R_UAGCVT,R_METAT,R_IGPS
R_DB4PS,R_CA2abc,R_IGPS,R_DB4PS,R_GUAPRT,R_IPDDI,R_GUAPRT,R_GUAPRT,R_IGPS,R_DB4PS,R_GUAPRT,R_IGPS,R_PRAIS,R_NAPRTr,R_GUAPRT
R_DHQS,R_DB4PS,R_GUAPRT,R_DHQS,R_METB1r,R_EX_pi(e),R_METB1r,R_METB1r,R_GUAPRT,R_DHQS,R_METB1r,R_GUAPRT,R_IGPS,R_UAGCVT,R_METB1r
R_IPDDI,R_DHQS,R_METB1r,R_IPDDI,R_CA2abc,R_PPNCL2,R_CA2abc,R_CA2abc,R_PUNP2,R_IPDDI,R_CA2abc,R_METB1r,R_GUAPRT,R_IGPS,R_CA2abc
R_EX_pi(e),R_IPDDI,R_CA2abc,R_EX_pi(e),R_DB4PS,R_ACONTb,R_DB4PS,R_DB4PS,R_METB1r,R_EX_pi(e),R_DB4PS,R_CA2abc,R_METB1r,R_GUAPRT,R_DB4PS
R_PPNCL2,R_EX_pi(e),R_DB4PS,R_PPNCL2,R_DHQS,R_OMPDC,R_DHQS,R_DHQS,R_CA2abc,R_PPNCL2,R_DHQS,R_DB4PS,R_CA2abc,R_METB1r,R_DHQS
R_ACONTb,R_PPNCL2,R_DHQS,R_ACONTb,R_IPDDI,R_EX_na1(e),R_IPDDI,R_IPDDI,R_DB4PS,R_OMPDC,R_IPDDI,R_DHQS,R_DB4PS,R_CA2abc,R_IPDDI
R_OMPDC,R_ACONTb,R_IPDDI,R_OMPDC,R_EX_pi(e),R_DHFR,R_EX_pi(e),R_EX_pi(e),R_DHQS,R_EX_na1(e),R_EX_pi(e),R_IPDDI,R_DHQS,R_DB4PS,R_EX_pi(e)
R_EX_na1(e),R_OMPDC,R_EX_pi(e),R_EX_na1(e),R_PPNCL2,R_UAAGDS,R_PPNCL2,R_PPNCL2,R_IPDDI,R_DHFR,R_PPNCL2,R_EX_pi(e),R_PRAGS,R_DHQS,R_PPNCL2
R_DHFR,R_EX_na1(e),R_PPNCL2,R_DHFR,R_ACONTb,R_EX_zn2(e),R_OMPDC,R_OMPDC,R_EX_pi(e),R_UAAGDS,R_OMPDC,R_PPNCL2,R_IPDDI,R_IPDDI,R_OMPDC
R_UAAGDS,R_DHFR,R_ACONTb,R_UAAGDS,R_OMPDC,R_UPP3S,R_EX_na1(e),R_EX_na1(e),R_PPNCL2,R_EX_zn2(e),R_EX_na1(e),R_OMPDC,R_EX_pi(e),R_EX_pi(e),R_EX_na1(e)
R_EX_zn2(e),R_UAAGDS,R_OMPDC,R_EX_zn2(e),R_EX_na1(e),R_UAMAS,R_DHFR,R_DHFR,R_OMPDC,R_UPP3S,R_DHFR,R_EX_na1(e),R_PPNCL2,R_PPNCL2,R_TKT2
R_UPP3S,R_EX_zn2(e),R_EX_na1(e),R_UPP3S,R_DHFR,R_DHDPRy,R_UAAGDS,R_UAAGDS,R_EX_na1(e),R_UAMAS,R_UAAGDS,R_DHFR,R_OMPDC,R_ACONTb,R_DHFR
R_UAMAS,R_UPP3S,R_DHFR,R_UAMAS,R_UAAGDS,R_DPCOAK,R_EX_zn2(e),R_EX_zn2(e),R_DHFR,R_DHDPRy,R_EX_zn2(e),R_UAAGDS,R_EX_na1(e),R_OMPDC,R_UAAGDS
R_DHDPRy,R_UAMAS,R_UAAGDS,R_DHDPRy,R_EX_zn2(e),R_DAPE,R_UPP3S,R_UPP3S,R_UAAGDS,R_DPCOAK,R_UPP3S,R_EX_zn2(e),R_TKT2,R_EX_na1(e),R_EX_zn2(e)
R_DPCOAK,R_DHDPRy,R_EX_zn2(e),R_DPCOAK,R_UPP3S,R_PAPPT3,R_UAMAS,R_UAMAS,R_EX_zn2(e),R_TPI,R_UAMAS,R_UPP3S,R_DHFR,R_TKT2,R_UPP3S
R_GK1,R_DPCOAK,R_UPP3S,R_GK1,R_UAMAS,R_ADCL,R_DHDPRy,R_DHDPRy,R_UPP3S,R_DAPE,R_DHDPRy,R_UAMAS,R_UAAGDS,R_DHFR,R_UAMAS
R_TPI,R_GK1,R_UAMAS,R_DAPE,R_DHDPRy,R_NNATr,R_DPCOAK,R_DPCOAK,R_UAMAS,R_PAPPT3,R_DPCOAK,R_DHDPRy,R_EX_zn2(e),R_UAAGDS,R_DHDPRy
R_DAPE,R_TPI,R_DHDPRy,R_PAPPT3,R_DPCOAK,R_GK2,R_DAPE,R_GK1,R_DHDPRy,R_ADCL,R_GK1,R_DPCOAK,R_UPP3S,R_EX_zn2(e),R_DPCOAK
R_PAPPT3,R_DAPE,R_DPCOAK,R_ADCL,R_GK1,R_DHORTS,R_PAPPT3,R_DAPE,R_DPCOAK,R_NNATr,R_DAPE,R_GK1,R_ADSL2r,R_UPP3S,R_DAPE
R_ADCL,R_PAPPT3,R_GK1,R_NNATr,R_DAPE,R_ATPPRT,R_ADCL,R_PAPPT3,R_GK1,R_GK2,R_PAPPT3,R_DAPE,R_UAMAS,R_UAMAS,R_PAPPT3
R_NNATr,R_ADCL,R_DAPE,R_DHORTS,R_PAPPT3,R_G1PACT,R_NNATr,R_ADCL,R_DAPE,R_DHORTS,R_ADCL,R_PAPPT3,R_DHDPRy,R_DHDPRy,R_ADCL
R_CBMK,R_NNATr,R_PAPPT3,R_ATPPRT,R_ADCL,R_TYRTA,R_GK2,R_NNATr,R_PAPPT3,R_ATPPRT,R_NNATr,R_ADCL,R_DPCOAK,R_DPCOAK,R_NNATr
R_DHORTS,R_DHORTS,R_ADCL,R_G1PACT,R_NNATr,R_THMabc,R_DHORTS,R_CBMK,R_ADCL,R_G1PACT,R_DHORTS,R_NNATr,R_DAPE,R_DAPE,R_GK2
R_ATPPRT,R_ATPPRT,R_NNATr,R_TYRTA,R_DHORTS,R_UAMAGS,R_ATPPRT,R_DHORTS,R_NNATr,R_TYRTA,R_ATPPRT,R_DHORTS,R_PAPPT3,R_PAPPT3,R_CBMK
R_G1PACT,R_G1PACT,R_CBMK,R_THMabc,R_ATPPRT,R_LEUt2r,R_G1PACT,R_ATPPRT,R_DHORTS,R_GCCc,R_G1PACT,R_ATPPRT,R_ADCL,R_ADCL,R_DHORTS
R_TYRTA,R_TYRTA,R_DHORTS,R_UAMAGS,R_G1PACT,R_PNTK,R_TYRTA,R_G1PACT,R_ATPPRT,R_THMabc,R_TYRTA,R_G1PACT,R_NNATr,R_NNATr,R_ATPPRT
R_THMabc,R_THMabc,R_ATPPRT,R_LEUt2r,R_TYRTA,R_GTPCI,R_THMabc,R_TYRTA,R_G1PACT,R_UAMAGS,R_THMabc,R_TYRTA,R_GK2,R_GK2,R_G1PACT
R_UAMAGS,R_UAMAGS,R_G1PACT,R_PNTK,R_THMabc,R_PMEVK,R_UAMAGS,R_THMabc,R_TYRTA,R_LEUt2r,R_UAMAGS,R_THMabc,R_CBMK,R_CBMK,R_TYRTA
R_LEUt2r,R_LEUt2r,R_TYRTA,R_DGNSK,R_UAMAGS,R_EX_mg2(e),R_LEUt2r,R_UAMAGS,R_THMabc,R_PNTK,R_LEUt2r,R_UAMAGS,R_DHORTS,R_DHORTS,R_THMabc
R_PNTK,R_PNTK,R_THMabc,R_GTPCI,R_LEUt2r,R_EX_mobd(e),R_PNTK,R_LEUt2r,R_UAMAGS,R_DGNSK,R_PNTK,R_LEUt2r,R_ATPPRT,R_ATPPRT,R_UAMAGS
R_DGNSK,R_DGNSK,R_UAMAGS,R_PMEVK,R_PNTK,R_DHPS4,R_DGNSK,R_PNTK,R_LEUt2r,R_PMEVK,R_DGNSK,R_PNTK,R_G1PACT,R_G1PACT,R_LEUt2r
R_PMEVK,R_PMEVK,R_LEUt2r,R_EX_mg2(e),R_DGNSK,R_GHMT2r,R_PMEVK,R_DGNSK,R_PNTK,R_EX_mg2(e),R_PMEVK,R_DGNSK,R_TYRTA,R_TYRTA,R_PNTK
R_EX_mg2(e),R_EX_mg2(e),R_PNTK,R_EX_mobd(e),R_GTPCI,R_PRATPP,R_EX_mg2(e),R_PMEVK,R_DGNSK,R_EX_mobd(e),R_EX_mg2(e),R_PMEVK,R_THMabc,R_THMabc,R_PMEVK
R_EX_mobd(e),R_EX_mobd(e),R_DGNSK,R_DHPS4,R_PMEVK,R_G3PCT,R_EX_mobd(e),R_EX_mg2(e),R_PMEVK,R_DHPS4,R_EX_mobd(e),R_EX_mg2(e),R_UAMAGS,R_UAMAGS,R_EX_mg2(e)
R_DHPS4,R_DHPS4,R_PMEVK,R_GHMT2r,R_EX_mg2(e),R_GLCpts,R_DHPS4,R_EX_mobd(e),R_EX_mg2(e),R_GHMT2r,R_DHPS4,R_EX_mobd(e),R_LEUt2r,R_LEUt2r,R_EX_mobd(e)
R_GHMT2r,R_GHMT2r,R_EX_mg2(e),R_PRATPP,R_EX_mobd(e),R_RNDR2,R_GHMT2r,R_DHPS4,R_EX_mobd(e),R_PRATPP,R_GHMT2r,R_DHPS4,R_PNTK,R_PNTK,R_DHPS4
R_PRATPP,R_PRATPP,R_EX_mobd(e),R_G3PCT,R_DHPS4,R_PC,R_PRATPP,R_GHMT2r,R_DHPS4,R_G3PCT,R_PRATPP,R_GHMT2r,R_DGNSK,R_DGNSK,R_GHMT2r
R_G3PCT,R_G3PCT,R_DHPS4,R_GLCpts,R_GHMT2r,R_HSERTA,R_G3PCT,R_PRATPP,R_GHMT2r,R_OOR3r,R_G3PCT,R_PRATPP,R_PMEVK,R_PMEVK,R_PRATPP
R_GLCpts,R_GLCpts,R_GHMT2r,R_RNDR2,R_PRATPP,R_EX_cu2(e),R_OOR3r,R_G3PCT,R_PRATPP,R_GLCpts,R_OOR3r,R_G3PCT,R_EX_mg2(e),R_EX_mg2(e),R_G3PCT
R_RNDR2,R_RNDR2,R_PRATPP,R_PC,R_G3PCT,R_EX_h(e),R_GLCpts,R_OOR3r,R_G3PCT,R_RNDR2,R_GLCpts,R_OOR3r,R_EX_mobd(e),R_EX_mobd(e),R_GLCpts
R_PC,R_PC,R_G3PCT,R_HSERTA,R_GLCpts,R_PANTS,R_RNDR2,R_GLCpts,R_OOR3r,R_PC,R_RNDR2,R_GLCpts,R_DHPS4,R_DHPS4,R_RNDR2
R_HSERTA,R_HSERTA,R_GLCpts,R_EX_cu2(e),R_RNDR2,R_ORPT,R_PC,R_RNDR2,R_GLCpts,R_SUCOAS,R_PC,R_RNDR2,R_GHMT2r,R_GHMT2r,R_PC
R_EX_cu2(e),R_EX_cu2(e),R_RNDR2,R_EX_h(e),R_PC,R_NO3R2,R_SUCOAS,R_PC,R_RNDR2,R_HSERTA,R_SUCOAS,R_PC,R_PRATPP,R_PRATPP,R_HSERTA
R_EX_h(e),R_EX_h(e),R_PC,R_PANTS,R_HSERTA,R_CPPPGO,R_HSERTA,R_SUCOAS,R_PC,R_EX_cu2(e),R_HSERTA,R_SUCOAS,R_G3PCT,R_G3PCT,R_EX_cu2(e)
R_PANTS,R_PANTS,R_HSERTA,R_ORPT,R_EX_cu2(e),R_L-LACD,R_EX_cu2(e),R_HSERTA,R_SUCOAS,R_EX_h(e),R_EX_cu2(e),R_HSERTA,R_OOR3r,R_GLCpts,R_EX_h(e)
R_ORPT,R_ORPT,R_EX_cu2(e),R_NO3R2,R_EX_h(e),R_THIORDXi,R_PANTS,R_EX_cu2(e),R_HSERTA,R_PANTS,R_EX_h(e),R_EX_cu2(e),R_GLCpts,R_RNDR2,R_PANTS
R_CPPPGO,R_CPPPGO,R_EX_h(e),R_CPPPGO,R_PANTS,R_L-LACD3,R_ORPT,R_PANTS,R_EX_cu2(e),R_ORPT,R_PANTS,R_EX_h(e),R_RNDR2,R_PC,R_ORPT
R_ACOTA,R_ACOTA,R_PANTS,R_L-LACD,R_ORPT,R_UDCPDPS,R_NO3R2,R_ORPT,R_EX_h(e),R_GCCb,R_ORPT,R_PANTS,R_PC,R_HSERTA,R_NO3R2
R_UDCPDPS,R_UDCPDPS,R_ORPT,R_THIORDXi,R_NO3R2,R_EX_glc(e),R_GLULOD,R_NO3R2,R_PANTS,R_GLULOD,R_NO3R2,R_ORPT,R_SUCOAS,R_EX_cu2(e),R_CPPPGO
R_EX_glc(e),R_EX_glc(e),R_NO3R2,R_L-LACD3,R_CPPPGO,R_EX_gua(e),R_CPPPGO,R_GLULOD,R_ORPT,R_CPPPGO,R_GLULOD,R_NO3R2,R_HSERTA,R_EX_h(e),R_L-LACD
R_EX_gua(e),R_EX_gua(e),R_CPPPGO,R_RMOAx,R_L-LACD,R_EX_nac(e),R_L-LACD,R_CPPPGO,R_NO3R2,R_ACOTA,R_CPPPGO,R_GLULOD,R_EX_cu2(e),R_PANTS,R_ACOTA
R_EX_nac(e),R_EX_nac(e),R_L-LACD,R_UDCPDPS,R_THIORDXi,R_GLCPcom_SA,R_ACOTA,R_L-LACD,R_GLULOD,R_UDCPDPS,R_L-LACD,R_CPPPGO,R_EX_h(e),R_ORPT,R_THIORDXi
R_GLCPcom_SA,R_GLCPcom_SA,R_ACOTA,R_EX_glc(e),R_L-LACD3,R_PALASA_SA2,R_THIORDXi,R_ACOTA,R_CPPPGO,R_EX_glc(e),R_ACOTA,R_L-LACD,R_PANTS,R_NO3R2,R_L-LACD3
R_PALASA_SA2,R_PALASA_SA2,R_L-LACD3,R_EX_gua(e),R_RMOAx,R_PAPA_SA,R_L-LACD3,R_L-LACD3,R_L-LACD,R_EX_gua(e),R_L-LACD3,R_ACOTA,R_ORPT,R_CPPPGO,R_UDCPDPS
R_PAPA_SA,R_PAPA_SA,R_UDCPDPS,R_EX_nac(e),R_UDCPDPS,R_PASYN_SA,R_RMOAx,R_UDCPDPS,R_ACOTA,R_EX_nac(e),R_UDCPDPS,R_L-LACD3,R_GARFT,R_L-LACD,R_NTPP1
R_PASYN_SA,R_PASYN_SA,R_EX_glc(e),R_GLCPcom_SA,R_EX_glc(e),R_PGLYSA_SA2,R_UDCPDPS,R_EX_glc(e),R_L-LACD3,R_GLCPcom_SA,R_EX_glc(e),R_RMOAx,R_NO3R2,R_THIORDXi,R_EX_glc(e)
R_PGLYSA_SA2,R_PGLYSA_SA2,R_EX_gua(e),R_PALASA_SA2,R_EX_gua(e),R_PLEUSA_SA2,R_EX_glc(e),R_EX_gua(e),R_RMOAx,R_PALASA_SA2,R_EX_gua(e),R_UDCPDPS,R_GLULOD,R_L-LACD3,R_EX_gua(e)
R_PLEUSA_SA2,R_PLEUSA_SA2,R_EX_nac(e),R_PAPA_SA,R_EX_nac(e),R_PLYSSA_SA2,R_EX_gua(e),R_EX_nac(e),R_UDCPDPS,R_PAPA_SA,R_EX_nac(e),R_EX_glc(e),R_CPPPGO,R_RMOAx,R_EX_nac(e)
R_PLYSSA_SA2,R_PLYSSA_SA2,R_GLCPcom_SA,R_PASYN_SA,R_GLCPcom_SA,R_PSD_SA,R_EX_nac(e),R_GLCPcom_SA,R_EX_glc(e),R_PASYN_SA,R_GLCPcom_SA,R_EX_gua(e),R_L-LACD,R_UDCPDPS,R_GLCPcom_SA
R_PSD_SA,R_PSD_SA,R_PALASA_SA2,R_PGLYSA_SA2,R_PALASA_SA2,R_PSSA_SA,R_GLCPcom_SA,R_PALASA_SA2,R_EX_gua(e),R_PGLYSA_SA2,R_PALASA_SA2,R_EX_nac(e),R_ACOTA,R_EX_glc(e),R_PALASA_SA2
R_PSSA_SA,R_PSSA_SA,R_PAPA_SA,R_PLEUSA_SA2,R_PAPA_SA,R_SA_free_FA,R_PALASA_SA2,R_PAPA_SA,R_EX_nac(e),R_PLEUSA_SA2,R_PAPA_SA,R_GLCPcom_SA,R_THIORDXi,R_EX_gua(e),R_PAPA_SA
R_SA_free_FA,R_SA_free_FA,R_PASYN_SA,R_PLYSSA_SA2,R_PASYN_SA,R_TAGO,R_PAPA_SA,R_PASYN_SA,R_GLCPcom_SA,R_PLYSSA_SA2,R_PASYN_SA,R_PALASA_SA2,R_L-LACD3,R_EX_nac(e),R_PASYN_SA
R_TAGO,R_TAGO,R_PGLYSA_SA2,R_PSD_SA,R_PGLYSA_SA2,R_UDPG12dgrGT_SA2,R_PASYN_SA,R_PGLYSA_SA2,R_PALASA_SA2,R_PSD_SA,R_PGLYSA_SA2,R_PAPA_SA,R_UDCPDPS,R_GLCPcom_SA,R_PGLYSA_SA2
R_UDPG12dgrGT_SA2,R_UDPG12dgrGT_SA2,R_PLEUSA_SA2,R_PSSA_SA,R_PLEUSA_SA2,R_UDPG3g12dgrGT_SA2,R_PGLYSA_SA2,R_PLEUSA_SA2,R_PAPA_SA,R_PSSA_SA,R_PLEUSA_SA2,R_PASYN_SA,R_EX_glc(e),R_PALASA_SA2,R_PLEUSA_SA2
R_UDPG3g12dgrGT_SA2,R_UDPG3g12dgrGT_SA2,R_PLYSSA_SA2,R_SA_free_FA,R_PLYSSA_SA2,R_sink_glyclt_c,R_PLEUSA_SA2,R_PLYSSA_SA2,R_PASYN_SA,R_SA_free_FA,R_PLYSSA_SA2,R_PGLYSA_SA2,R_EX_gua(e),R_PAPA_SA,R_PLYSSA_SA2
R_sink_glyclt_c,R_sink_glyclt_c,R_PSD_SA,R_TAGO,R_PSD_SA,R_DROPPRy,R_PLYSSA_SA2,R_PSD_SA,R_PGLYSA_SA2,R_TAGO,R_PSD_SA,R_PLEUSA_SA2,R_EX_nac(e),R_PASYN_SA,R_PSD_SA
R_DROPPRy,R_DROPPRy,R_PSSA_SA,R_UDPG12dgrGT_SA2,R_PSSA_SA,R_DRTPPD,R_PSD_SA,R_PSSA_SA,R_PLEUSA_SA2,R_UDPG12dgrGT_SA2,R_PSSA_SA,R_PLYSSA_SA2,R_GLCPcom_SA,R_PGLYSA_SA2,R_PSSA_SA
R_DRTPPD,R_DRTPPD,R_SA_free_FA,R_UDPG3g12dgrGT_SA2,R_SA_free_FA,R_ACACT1r,R_PSSA_SA,R_SA_free_FA,R_PLYSSA_SA2,R_UDPG3g12dgrGT_SA2,R_SA_free_FA,R_PSD_SA,R_PALASA_SA2,R_PLEUSA_SA2,R_SA_free_FA
R_ACACT1r,R_ACACT1r,R_TAGO,R_sink_glyclt_c,R_TAGO,R_ADSK,R_SA_free_FA,R_TAGO,R_PSD_SA,R_sink_glyclt_c,R_TAGO,R_PSSA_SA,R_PAPA_SA,R_PLYSSA_SA2,R_TAGO
R_ADSK,R_ADSK,R_UDPG12dgrGT_SA2,R_DROPPRy,R_UDPG12dgrGT_SA2,R_ASNS1,R_TAGO,R_UDPG12dgrGT_SA2,R_PSSA_SA,R_DROPPRy,R_UDPG12dgrGT_SA2,R_SA_free_FA,R_PASYN_SA,R_PSD_SA,R_UDPG12dgrGT_SA2
R_ASNS1,R_ASNS1,R_UDPG3g12dgrGT_SA2,R_DRTPPD,R_UDPG3g12dgrGT_SA2,R_CLPNS_SA,R_UDPG12dgrGT_SA2,R_UDPG3g12dgrGT_SA2,R_SA_free_FA,R_DRTPPD,R_UDPG3g12dgrGT_SA2,R_TAGO,R_PGLYSA_SA2,R_PSSA_SA,R_UDPG3g12dgrGT_SA2
R_CLPNS_SA,R_CLPNS_SA,R_sink_glyclt_c,R_ACACT1r,R_sink_glyclt_c,R_DASYN_SA,R_UDPG3g12dgrGT_SA2,R_sink_glyclt_c,R_TAGO,R_ACACT1r,R_sink_glyclt_c,R_UDPG12dgrGT_SA2,R_PLEUSA_SA2,R_SA_free_FA,R_sink_glyclt_c
R_DASYN_SA,R_DASYN_SA,R_DROPPRy,R_ADSK,R_DROPPRy,R_GALUi,R_sink_glyclt_c,R_DROPPRy,R_UDPG12dgrGT_SA2,R_ADSK,R_DROPPRy,R_UDPG3g12dgrGT_SA2,R_PLYSSA_SA2,R_TAGO,R_DROPPRy
R_GALUi,R_GALUi,R_DRTPPD,R_ASNS1,R_DRTPPD,R_GUAt2,R_DROPPRy,R_DRTPPD,R_UDPG3g12dgrGT_SA2,R_ASNS1,R_DRTPPD,R_sink_glyclt_c,R_PSD_SA,R_UDPG12dgrGT_SA2,R_DRTPPD
R_GUAt2,R_GUAt2,R_ACACT1r,R_CLPNS_SA,R_ACACT1r,R_HCO3E,R_DRTPPD,R_ACACT1r,R_sink_glyclt_c,R_CLPNS_SA,R_ACACT1r,R_DROPPRy,R_PSSA_SA,R_UDPG3g12dgrGT_SA2,R_ACACT1r
R_HCO3E,R_HCO3E,R_ADSK,R_DASYN_SA,R_ADSK,R_KAS1,R_ACACT1r,R_ADSK,R_DROPPRy,R_DASYN_SA,R_ADSK,R_DRTPPD,R_SA_free_FA,R_sink_glyclt_c,R_ADSK
R_KAS1,R_KAS1,R_ASNS1,R_GALUi,R_ASNS1,R_KAS11,R_ADSK,R_ASNS1,R_DRTPPD,R_GALUi,R_ASNS1,R_ACACT1r,R_TAGO,R_DROPPRy,R_ASNS1
R_KAS11,R_KAS11,R_CLPNS_SA,R_GUAt2,R_CLPNS_SA,R_KAS12,R_ASNS1,R_CLPNS_SA,R_ACACT1r,R_GUAt2,R_CLPNS_SA,R_ADSK,R_UDPG12dgrGT_SA2,R_DRTPPD,R_CLPNS_SA
R_KAS12,R_KAS12,R_DASYN_SA,R_HCO3E,R_DASYN_SA,R_KAS13,R_CLPNS_SA,R_DASYN_SA,R_ADSK,R_HCO3E,R_DASYN_SA,R_ASNS1,R_UDPG3g12dgrGT_SA2,R_ACACT1r,R_DASYN_SA
R_KAS13,R_KAS13,R_GALUi,R_KAS1,R_GALUi,R_KAS19SA,R_DASYN_SA,R_GUAt2,R_ASNS1,R_KAS1,R_GALUi,R_CLPNS_SA,R_sink_glyclt_c,R_ADSK,R_GALUi
R_KAS19SA,R_KAS19SA,R_GUAt2,R_KAS11,R_GUAt2,R_KAS2,R_GUAt2,R_HCO3E,R_CLPNS_SA,R_KAS11,R_GUAt2,R_DASYN_SA,R_DROPPRy,R_ASNS1,R_GUAt2
R_KAS2,R_KAS2,R_HCO3E,R_KAS12,R_HCO3E,R_KAS20SA,R_HCO3E,R_KAS1,R_DASYN_SA,R_KAS12,R_HCO3E,R_GUAt2,R_DRTPPD,R_CLPNS_SA,R_HCO3E
R_KAS20SA,R_KAS20SA,R_KAS1,R_KAS13,R_KAS1,R_KAS3,R_KAS1,R_KAS11,R_GALUi,R_KAS13,R_KAS1,R_HCO3E,R_ACACT1r,R_DASYN_SA,R_KAS1
R_KAS3,R_KAS3,R_KAS11,R_KAS19SA,R_KAS11,R_KAS4,R_KAS11,R_KAS12,R_GUAt2,R_KAS19SA,R_KAS11,R_KAS1,R_ADSK,R_GUAt2,R_KAS11
R_KAS4,R_KAS4,R_KAS12,R_KAS2,R_KAS12,R_KAS6,R_KAS12,R_KAS13,R_HCO3E,R_KAS2,R_KAS12,R_KAS11,R_ASNS1,R_HCO3E,R_KAS12
R_KAS6,R_KAS6,R_KAS13,R_KAS20SA,R_KAS13,R_KAS8,R_KAS13,R_KAS19SA,R_KAS1,R_KAS20SA,R_KAS13,R_KAS12,R_CLPNS_SA,R_KAS1,R_KAS13
R_KAS8,R_KAS8,R_KAS19SA,R_KAS3,R_KAS19SA,R_MEVK4,R_KAS19SA,R_KAS2,R_KAS11,R_KAS3,R_KAS19SA,R_KAS13,R_DASYN_SA,R_KAS11,R_KAS19SA
R_MEVK4,R_NACUP,R_KAS2,R_KAS4,R_KAS2,R_NACUP,R_KAS2,R_KAS20SA,R_KAS12,R_KAS4,R_KAS2,R_KAS19SA,R_GALUi,R_KAS12,R_KAS2
R_NACUP,R_NIabc,R_KAS20SA,R_KAS6,R_KAS20SA,R_NIabc,R_KAS20SA,R_KAS3,R_KAS13,R_KAS6,R_KAS20SA,R_KAS2,R_GUAt2,R_KAS13,R_KAS20SA
R_NIabc,R_OIVD1r,R_KAS3,R_KAS8,R_KAS3,R_OIVD1r,R_KAS3,R_KAS4,R_KAS19SA,R_KAS8,R_KAS3,R_KAS20SA,R_HCO3E,R_KAS19SA,R_KAS3
R_OIVD1r,R_OIVD2,R_KAS4,R_NACUP,R_KAS4,R_OIVD2,R_KAS4,R_KAS6,R_KAS2,R_NACUP,R_KAS4,R_KAS3,R_KAS1,R_KAS2,R_KAS4
R_OIVD2,R_OIVD3,R_KAS6,R_NIabc,R_KAS6,R_OIVD3,R_KAS6,R_KAS8,R_KAS20SA,R_NIabc,R_KAS6,R_KAS4,R_KAS11,R_KAS20SA,R_KAS6
R_OIVD3,R_PAPSR,R_KAS8,R_OIVD1r,R_KAS8,R_PAPSR,R_KAS8,R_NACUP,R_KAS3,R_OIVD1r,R_KAS8,R_KAS6,R_KAS12,R_KAS3,R_KAS8
R_PAPSR,R_PGMT,R_NACUP,R_OIVD2,R_NACUP,R_PGMT,R_NACUP,R_NIabc,R_KAS4,R_OIVD2,R_NACUP,R_KAS8,R_KAS13,R_KAS4,R_NACUP
R_PGMT,R_PGPP_SA,R_NIabc,R_OIVD3,R_NIabc,R_PGPP_SA,R_NIabc,R_OIVD1r,R_KAS6,R_OIVD3,R_NIabc,R_NACUP,R_KAS19SA,R_KAS6,R_NIabc
R_PGPP_SA,R_PGSA_SA,R_OIVD1r,R_PAPSR,R_OIVD1r,R_PGSA_SA,R_OIVD1r,R_OIVD2,R_KAS8,R_PAPSR,R_OIVD1r,R_NIabc,R_KAS2,R_KAS8,R_OIVD1r
R_PGSA_SA,R_PMDPHT,R_OIVD2,R_PGMT,R_OIVD2,R_PMDPHT,R_OIVD2,R_OIVD3,R_NACUP,R_PGMT,R_OIVD2,R_OIVD1r,R_KAS20SA,R_NACUP,R_OIVD2
R_PMDPHT,R_PTPATi,R_OIVD3,R_PGPP_SA,R_OIVD3,R_PTPATi,R_OIVD3,R_PAPSR,R_NIabc,R_PGPP_SA,R_OIVD3,R_OIVD2,R_KAS3,R_NIabc,R_OIVD3
R_PTPATi,R_SADT2,R_PAPSR,R_PGSA_SA,R_PAPSR,R_SADT2,R_PAPSR,R_PGMT,R_OIVD1r,R_PGSA_SA,R_PAPSR,R_OIVD3,R_KAS4,R_OIVD1r,R_PAPSR
R_SADT2,R_SERAT,R_PGMT,R_PMDPHT,R_PGMT,R_SERAT,R_PGMT,R_PGPP_SA,R_OIVD2,R_PMDPHT,R_PGMT,R_PAPSR,R_KAS6,R_OIVD2,R_PGMT
R_SERAT,R_TECA1S,R_PGPP_SA,R_PTPATi,R_PGPP_SA,R_TECA1S,R_PGPP_SA,R_PGSA_SA,R_OIVD3,R_PTPATi,R_PGPP_SA,R_PGMT,R_KAS8,R_OIVD3,R_PGPP_SA
R_TECA1S,R_TECA2S,R_PGSA_SA,R_SADT2,R_PGSA_SA,R_TECA2S,R_PGSA_SA,R_PMDPHT,R_PAPSR,R_SADT2,R_PGSA_SA,R_PGPP_SA,R_MEVK2,R_PAPSR,R_PGSA_SA
R_TECA2S,R_TECA3S,R_PMDPHT,R_SERAT,R_PMDPHT,R_TECA3S,R_PMDPHT,R_PTPATi,R_PGMT,R_SERAT,R_PMDPHT,R_PGSA_SA,R_NACUP,R_PGMT,R_PMDPHT
R_TECA3S,R_Sa_biomass_WT,R_SADT2,R_TECA1S,R_PTPATi,R_Sa_biomass_WT,R_PTPATi,R_SADT2,R_PGPP_SA,R_TECA1S,R_PTPATi,R_PMDPHT,R_NIabc,R_PGPP_SA,R_PTPATi
R_Sa_biomass_WT,Biomass_s,R_SERAT,R_TECA2S,R_SADT2,Biomass_s,R_SADT2,R_SERAT,R_PGSA_SA,R_TECA2S,R_SADT2,R_SADT2,R_OIVD1r,R_PGSA_SA,R_SADT2
Biomass_s,R_ATPS24,R_TECA1S,R_TECA3S,R_SERAT,R_ATPS24,R_SERAT,R_TECA1S,R_PMDPHT,R_TECA3S,R_SERAT,R_SERAT,R_OIVD2,R_PMDPHT,R_SERAT
R_ATPS24,R_HSTPTr,R_TECA2S,R_Sa_biomass_WT,R_TECA1S,R_HSTPTr,R_TECA1S,R_TECA2S,R_PTPATi,R_Sa_biomass_WT,R_TECA1S,R_TECA1S,R_OIVD3,R_PTPATi,R_TECA1S
R_HSTPTr,R_G6PP,R_TECA3S,Biomass_s,R_TECA2S,R_G6PP,R_TECA2S,R_TECA3S,R_SADT2,Biomass_s,R_TECA2S,R_TECA2S,R_PAPSR,R_SADT2,R_TECA2S
R_G6PP,,R_Sa_biomass_WT,R_ATPS24,R_TECA3S,R_O2t5i,R_TECA3S,R_Sa_biomass_WT,R_SERAT,R_ATPS24,R_TECA3S,R_TECA3S,R_PGMT,R_SERAT,R_TECA3S
,,Biomass_s,R_HSTPTr,R_Sa_biomass_WT,,R_Sa_biomass_WT,Biomass_s,R_TECA1S,R_HSTPTr,R_Sa_biomass_WT,R_Sa_biomass_WT,R_PGPP_SA,R_TECA1S,R_Sa_biomass_WT
,,R_ATPS24,R_G6PP,Biomass_s,,Biomass_s,R_ATPS24,R_TECA2S,R_G6PP,Biomass_s,Biomass_s,R_PGSA_SA,R_TECA2S,Biomass_s
,,R_HSTPTr,R_O2t5i,R_ATPS24,,R_ATPS24,R_HSTPTr,R_TECA3S,,R_ATPS24,R_ATPS24,R_PMDPHT,R_TECA3S,R_ATPS24
,,R_G6PP,,R_HSTPTr,,R_HSTPTr,R_G6PP,R_Sa_biomass_WT,,R_HSTPTr,R_HSTPTr,R_PTPATi,R_Sa_biomass_WT,R_HSTPTr
,,R_O2t5i,,R_G6PP,,R_G6PP,R_O2t5i,Biomass_s,,R_G6PP,R_G6PP,R_SADT2,Biomass_s,R_G6PP
,,,,R_O2t5i,,R_O2t5i,,R_ATPS24,,R_O2t5i,R_ADA,R_SERAT,R_ATPS24,R_ADA
,,,,,,,,R_HSTPTr,,,R_O2t5i,R_TECA1S,R_HSTPTr,R_O2t5i
,,,,,,,,R_G6PP,,,,R_TECA2S,R_G6PP,
,,,,,,,,R_O2t5i,,,,R_TECA3S,R_ADA,
,,,,,,,,,,,,R_Sa_biomass_WT,R_O2t5i,
,,,,,,,,,,,,Biomass_s,,
,,,,,,,,,,,,R_ATPS24,,
,,,,,,,,,,,,R_HSTPTr,,
,,,,,,,,,,,,R_G6PP,,
,,,,,,,,,,,,R_O2t5i,,
