lethal_reactions_R_1,lethal_reactions_R_2,lethal_reactions_R_3,lethal_reactions_R_4,lethal_reactions_R_5,lethal_reactions_R_6,lethal_reactions_R_7,lethal_reactions_R_8,lethal_reactions_R_9,lethal_reactions_R_10,lethal_reactions_R_11,lethal_reactions_R_12,lethal_reactions_R_13,lethal_reactions_R_14,lethal_reactions_R_15
R_GLUR,R_GLUR,R_GLUR,R_GLUR,R_GLUR,R_GLUR,R_GLUR,R_GLUR,R_GLUR,R_GLUR,R_GLUR,R_GLUR,R_GLUR,R_GLUR,R_GLUR
R_UPP3MT,R_UPP3MT,R_UPP3MT,R_UPP3MT,R_UPP3MT,R_UPP3MT,R_UPP3MT,R_UPP3MT,R_UPP3MT,R_UPP3MT,R_UPP3MT,R_UPP3MT,R_UPP3MT,R_UPP3MT,R_UPP3MT
R_EX_ca2(e),R_EX_ca2(e),R_EX_ca2(e),R_EX_ca2(e),R_EX_ca2(e),R_EX_ca2(e),R_EX_ca2(e),R_EX_ca2(e),R_EX_ca2(e),R_EX_ca2(e),R_EX_ca2(e),R_EX_ca2(e),R_EX_ca2(e),R_EX_ca2(e),R_EX_ca2(e)
R_ALAALAr,R_ALAALAr,R_ALAALAr,R_ALAALAr,R_ALAALAr,R_ALAALAr,R_ALAALAr,R_ALAALAr,R_ALAALAr,R_ALAALAr,R_ALAALAr,R_ALAALAr,R_ALAALAr,R_ALAALAr,R_ALAALAr
R_ALATA_D,R_ALATA_D,R_ALATA_D,R_ALATA_D,R_ALATA_D,R_ALATA_D,R_ALATA_D,R_ALATA_D,R_ALATA_D,R_ALATA_D,R_ALATA_D,R_ALATA_D,R_ALATA_D,R_ALATA_D,R_ALATA_D
R_RPI,R_RPI,R_RPI,R_RPI,R_RPI,R_RPI,R_RPI,R_RPI,R_RPI,R_RPI,R_RPI,R_RPI,R_RPI,R_RPI,R_RPI
R_SULR,R_SULR,R_SULR,R_SULR,R_SULR,R_SULR,R_SULR,R_SULR,R_SULR,R_SULR,R_SULR,R_SULR,R_GND,R_SULR,R_SULR
R_ADCS,R_ADCS,R_ADCS,R_ADCS,R_ADCS,R_ADCS,R_ADCS,R_ADCS,R_ADCS,R_ADCS,R_ADCS,R_ADCS,R_SULR,R_ADCS,R_ADCS
R_THRAr,R_THRAr,R_THRAr,R_THRAr,R_THRAr,R_THRAr,R_THRAr,R_THRAr,R_THRAr,R_THRAr,R_THRAr,R_THRAr,R_ADCS,R_THRAr,R_THRAr
R_EX_so4(e),R_EX_so4(e),R_EX_so4(e),R_EX_so4(e),R_EX_so4(e),R_EX_so4(e),R_EX_so4(e),R_EX_so4(e),R_EX_so4(e),R_EX_so4(e),R_EX_so4(e),R_EX_so4(e),R_THRAr,R_EX_so4(e),R_EX_so4(e)
R_OCBT,R_OCBT,R_OCBT,R_OCBT,R_OCBT,R_OCBT,R_OCBT,R_OCBT,R_OCBT,R_OCBT,R_OCBT,R_OCBT,R_EX_so4(e),R_OCBT,R_OCBT
R_ALAR,R_ALAR,R_ALAR,R_ALAR,R_ALAR,R_ALAR,R_ALAR,R_ALAR,R_ALAR,R_ALAR,R_ALAR,R_ALAR,R_OCBT,R_ALAR,R_ALAR
R_UAGPT3,R_UAGPT3,R_UAGPT3,R_UAGPT3,R_UAGPT3,R_UAGPT3,R_UAGPT3,R_UAGPT3,R_UAGPT3,R_UAGPT3,R_UAGPT3,R_UAGPT3,R_ALAR,R_UAGPT3,R_UAGPT3
R_SO4t2,R_SO4t2,R_SO4t2,R_SO4t2,R_SO4t2,R_SO4t2,R_SO4t2,R_SO4t2,R_SO4t2,R_SO4t2,R_SO4t2,R_SO4t2,R_UAGPT3,R_SO4t2,R_SO4t2
R_LEUTA,R_LEUTA,R_LEUTA,R_LEUTA,R_LEUTA,R_LEUTA,R_LEUTA,R_LEUTA,R_LEUTA,R_LEUTA,R_LEUTA,R_LEUTA,R_SO4t2,R_LEUTA,R_LEUTA
R_AGLYPT,R_AGLYPT,R_AGLYPT,R_AGLYPT,R_AGLYPT,R_AGLYPT,R_AGLYPT,R_AGLYPT,R_AGLYPT,R_AGLYPT,R_AGLYPT,R_AGLYPT,R_LEUTA,R_AGLYPT,R_AGLYPT
R_PRMICIi,R_PRMICIi,R_PRMICIi,R_PRMICIi,R_PRMICIi,R_PRMICIi,R_PRMICIi,R_PRMICIi,R_PRMICIi,R_PRMICIi,R_PRMICIi,R_PRMICIi,R_AGLYPT,R_PRMICIi,R_PRMICIi
R_DHDPS,R_DHDPS,R_DHDPS,R_DHDPS,R_DHDPS,R_DHDPS,R_DHDPS,R_DHDPS,R_DHDPS,R_DHDPS,R_DHDPS,R_DHDPS,R_PRMICIi,R_DHDPS,R_DHDPS
R_FACOAL150AI,R_ADK1,R_FACOAL150AI,R_FACOAL150AI,R_FACOAL150AI,R_FACOAL150AI,R_FACOAL150AI,R_FACOAL150AI,R_ADK1,R_FACOAL150AI,R_ADK1,R_FACOAL150AI,R_DHDPS,R_FACOAL150AI,R_FACOAL150AI
R_ADK1,R_PUNP4,R_ADK1,R_PUNP4,R_PUNP4,R_PUNP4,R_ADK1,R_ADK1,R_PUNP4,R_ADK1,R_CYSS,R_ADK1,R_ADK1,R_ADK1,R_ADK1
R_PUNP4,R_CYSS,R_PUNP4,R_CYSS,R_CYSS,R_CYSS,R_PUNP4,R_PUNP4,R_CYSS,R_CYSS,R_HSK,R_PUNP4,R_CYSS,R_CYSS,R_CYSS
R_CYSS,R_HSK,R_CYSS,R_PPCK,R_PPCK,R_PPCK,R_CYSS,R_CYSS,R_HSK,R_HSK,R_MEVK1,R_CYSS,R_HSK,R_HSK,R_HSK
R_HSK,R_AHCYSNS,R_HSK,R_HSK,R_HSK,R_HSK,R_HSK,R_HSK,R_AHCYSNS,R_AHCYSNS,R_AHCYSNS,R_HSK,R_AHCYSNS,R_AHCYSNS,R_AHCYSNS
R_AHCYSNS,R_ACKr,R_AHCYSNS,R_AHCYSNS,R_AHCYSNS,R_AHCYSNS,R_AHCYSNS,R_AHCYSNS,R_ACKr,R_AICART,R_AICART,R_AHCYSNS,R_AICART,R_ACKr,R_AICART
R_ACKr,R_AICART,R_ACKr,R_AICART,R_AICART,R_AICART,R_AICART,R_AICART,R_AICART,R_MNabc,R_MNabc,R_AICART,R_MNabc,R_AICART,R_SHK3Dr
R_AICART,R_MNabc,R_AICART,R_MNabc,R_MNabc,R_MNabc,R_SHK3Dr,R_MNabc,R_MNabc,R_SHK3Dr,R_SHK3Dr,R_MNabc,R_SHK3Dr,R_MNabc,R_IGPDH
R_MNabc,R_SHK3Dr,R_MNabc,R_SHK3Dr,R_SHK3Dr,R_SHK3Dr,R_IGPDH,R_SHK3Dr,R_SHK3Dr,R_IGPDH,R_IGPDH,R_SHK3Dr,R_IGPDH,R_SHK3Dr,R_VALTA
R_SHK3Dr,R_IGPDH,R_SHK3Dr,R_IGPDH,R_IGPDH,R_IGPDH,R_VALTA,R_IGPDH,R_IGPDH,R_VALTA,R_VALTA,R_IGPDH,R_VALTA,R_IGPDH,R_DHFS
R_IGPDH,R_VALTA,R_IGPDH,R_VALTA,R_VALTA,R_VALTA,R_DHFS,R_VALTA,R_VALTA,R_DHFS,R_DHFS,R_VALTA,R_DHFS,R_VALTA,R_GMPR
R_VALTA,R_DHFS,R_VALTA,R_CS,R_CS,R_CS,R_GMPR,R_DHFS,R_DHFS,R_GMPR,R_GMPR,R_CS,R_GMPR,R_DHFS,R_TMDS
R_DHFS,R_GMPR,R_DHFS,R_DHFS,R_DHFS,R_DHFS,R_TMDS,R_GMPR,R_GMPR,R_TMDS,R_TMDS,R_DHFS,R_TMDS,R_GMPR,R_HEMEOS
R_GMPR,R_TMDS,R_GMPR,R_GMPR,R_GMPR,R_GMPR,R_HEMEOS,R_TMDS,R_TMDS,R_HEMEOS,R_HEMEOS,R_GMPR,R_HEMEOS,R_TMDS,R_CHORM
R_TMDS,R_HEMEOS,R_TMDS,R_TMDS,R_TMDS,R_TMDS,R_CHORM,R_HEMEOS,R_HEMEOS,R_CHORM,R_CHORM,R_TMDS,R_CHORM,R_HEMEOS,R_ANPRT
R_HEMEOS,R_CHORM,R_HEMEOS,R_HEMEOS,R_HEMEOS,R_HEMEOS,R_ANPRT,R_CHORM,R_CHORM,R_ANPRT,R_ANPRT,R_HEMEOS,R_ANPRT,R_CHORM,R_PRAI
R_CHORM,R_ANPRT,R_CHORM,R_CHORM,R_CHORM,R_CHORM,R_PRAI,R_ANPRT,R_ANPRT,R_PRAI,R_PRAI,R_CHORM,R_PRAI,R_ANPRT,R_UAG2E
R_ANPRT,R_PRAI,R_ANPRT,R_ANPRT,R_ANPRT,R_ANPRT,R_UAG2E,R_PRAI,R_PRAI,R_UAG2E,R_UAG2E,R_ANPRT,R_UAG2E,R_PRAI,R_PPNDH
R_PRAI,R_UAG2E,R_PRAI,R_PRAI,R_PRAI,R_PRAI,R_PPNDH,R_UAG2E,R_UAG2E,R_PPNDH,R_PPNDH,R_PRAI,R_PPNDH,R_UAG2E,R_GLNS
R_UAG2E,R_PPNDH,R_UAG2E,R_UAG2E,R_UAG2E,R_UAG2E,R_GLNS,R_PPNDH,R_PPNDH,R_GLNS,R_GLNS,R_UAG2E,R_GLNS,R_PPNDH,R_HMBS
R_PPNDH,R_GLNS,R_PPNDH,R_PPNDH,R_PPNDH,R_PPNDH,R_HMBS,R_GLNS,R_GLNS,R_HMBS,R_HMBS,R_PPNDH,R_HMBS,R_GLNS,R_UAPGR
R_GLNS,R_HMBS,R_GLNS,R_GLNS,R_GLNS,R_GLNS,R_UAPGR,R_HMBS,R_HMBS,R_UAPGR,R_UAPGR,R_GLNS,R_UAPGR,R_HMBS,R_UAGDP
R_HMBS,R_UAPGR,R_HMBS,R_HMBS,R_HMBS,R_HMBS,R_UAGDP,R_UAPGR,R_UAPGR,R_UAGDP,R_UAGDP,R_HMBS,R_UAGDP,R_UAPGR,R_GRTT
R_UAPGR,R_UAGDP,R_UAPGR,R_UAPGR,R_UAPGR,R_UAPGR,R_GRTT,R_UAGDP,R_UAGDP,R_GRTT,R_GRTT,R_UAPGR,R_GRTT,R_UAGDP,R_GTPCII
R_UAGDP,R_GRTT,R_UAGDP,R_UAGDP,R_UAGDP,R_UAGDP,R_GTPCII,R_GRTT,R_GRTT,R_GTPCII,R_GTPCII,R_UAGDP,R_GTPCII,R_GRTT,R_PPPGO
R_GRTT,R_GTPCII,R_GRTT,R_GRTT,R_GRTT,R_GRTT,R_PPPGO,R_GTPCII,R_GTPCII,R_PPPGO,R_PPPGO,R_GRTT,R_PPPGO,R_GTPCII,R_EX_o2(e)
R_GTPCII,R_PPPGO,R_GTPCII,R_GTPCII,R_GTPCII,R_GTPCII,R_EX_o2(e),R_PPPGO,R_PPPGO,R_EX_o2(e),R_EX_o2(e),R_GTPCII,R_EX_o2(e),R_PPPGO,R_DPMVD
R_PPPGO,R_DPMVD,R_PPPGO,R_PPPGO,R_PPPGO,R_PPPGO,R_DPMVD,R_EX_o2(e),R_DPMVD,R_DPMVD,R_DPMVD,R_PPPGO,R_DPMVD,R_DPMVD,R_NDPK5
R_DPMVD,R_NDPK5,R_DPMVD,R_EX_o2(e),R_EX_o2(e),R_EX_o2(e),R_FF_8,R_DPMVD,R_NDPK5,R_NDPK5,R_NDPK5,R_EX_o2(e),R_NDPK5,R_NDPK5,R_FF_8
R_NDPK5,R_DDPA,R_NDPK5,R_DPMVD,R_DPMVD,R_DPMVD,R_DDPA,R_NDPK5,R_DDPA,R_FF_8,R_FF_8,R_DPMVD,R_FF_8,R_DDPA,R_DDPA
R_DDPA,R_EX_ni2(e),R_DDPA,R_ACONTa,R_ACONTa,R_ACONTa,R_EX_ni2(e),R_FF_8,R_EX_ni2(e),R_DDPA,R_DDPA,R_ACONTa,R_DDPA,R_EX_ni2(e),R_EX_ni2(e)
R_EX_ni2(e),R_DAPDC,R_EX_ni2(e),R_NDPK5,R_NDPK5,R_NDPK5,R_DAPDC,R_DDPA,R_DAPDC,R_EX_ni2(e),R_EX_ni2(e),R_NDPK5,R_EX_ni2(e),R_DAPDC,R_DAPDC
R_DAPDC,R_EX_leu-L(e),R_DAPDC,R_FF_8,R_FF_8,R_FF_8,R_EX_leu-L(e),R_EX_ni2(e),R_EX_leu-L(e),R_DAPDC,R_DAPDC,R_FF_8,R_DAPDC,R_EX_leu-L(e),R_EX_leu-L(e)
R_EX_leu-L(e),R_ASPTA,R_EX_leu-L(e),R_DDPA,R_DDPA,R_DDPA,R_ASPTA,R_DAPDC,R_ASPTA,R_EX_leu-L(e),R_EX_leu-L(e),R_DDPA,R_EX_leu-L(e),R_ASPTA,R_ASPTA
R_ASPTA,R_METSr,R_ASPTA,R_EX_ni2(e),R_EX_ni2(e),R_EX_ni2(e),R_METSr,R_EX_leu-L(e),R_METSr,R_ASPTA,R_ASPTA,R_EX_ni2(e),R_ASPTA,R_UAG4E,R_UAG4E
R_METSr,R_UAG4E,R_METSr,R_DAPDC,R_DAPDC,R_DAPDC,R_UAG4E,R_ASPTA,R_UAG4E,R_METSr,R_METSr,R_DAPDC,R_UAG4E,R_ILETA,R_ILETA
R_UAG4E,R_ILETA,R_UAG4E,R_EX_fe3(e),R_EX_leu-L(e),R_EX_fe3(e),R_ILETA,R_METSr,R_ILETA,R_UAG4E,R_UAG4E,R_EX_leu-L(e),R_ILETA,R_EX_mn2(e),R_EX_mn2(e)
R_ILETA,R_EX_mn2(e),R_ILETA,R_EX_leu-L(e),R_ASPTA,R_EX_leu-L(e),R_EX_mn2(e),R_UAG4E,R_EX_mn2(e),R_ILETA,R_ILETA,R_ASPTA,R_EX_mn2(e),R_ANTIP,R_ANTIP
R_EX_mn2(e),R_ANTIP,R_EX_mn2(e),R_ASPTA,R_METSr,R_ASPTA,R_ANTIP,R_ILETA,R_ANTIP,R_EX_mn2(e),R_EX_mn2(e),R_METSr,R_ANTIP,R_ADSS,R_ADSS
R_ANTIP,R_ADSS,R_ANTIP,R_METSr,R_UAG4E,R_METSr,R_ADSS,R_EX_mn2(e),R_ADSS,R_ANTIP,R_ANTIP,R_UAG4E,R_ADSS,R_TMDPK,R_TMDPK
R_ADSS,R_TMDPK,R_ADSS,R_EX_fe2(e),R_ILETA,R_EX_fe2(e),R_TMDPK,R_ANTIP,R_TMDPK,R_ADSS,R_ADSS,R_ILETA,R_TMDPK,R_SHCHF,R_SHCHF
R_TMDPK,R_SHCHF,R_TMDPK,R_UAG4E,R_EX_mn2(e),R_UAG4E,R_SHCHF,R_ADSS,R_SHCHF,R_TMDPK,R_TMDPK,R_EX_mn2(e),R_SHCHF,R_MTHFR3,R_MTHFR3
R_SHCHF,R_MTHFR3,R_SHCHF,R_ILETA,R_ANTIP,R_ILETA,R_MTHFR3,R_TMDPK,R_MTHFR3,R_SHCHF,R_SHCHF,R_ANTIP,R_MTHFR3,R_IG3PS,R_IG3PS
R_MTHFR3,R_IG3PS,R_MTHFR3,R_EX_mn2(e),R_ADSS,R_EX_mn2(e),R_IG3PS,R_SHCHF,R_IG3PS,R_MTHFR3,R_MTHFR3,R_ADSS,R_IG3PS,R_ASPCT,R_ASPCT
R_IG3PS,R_ASPCT,R_IG3PS,R_ANTIP,R_TMDPK,R_ANTIP,R_ASPCT,R_MTHFR3,R_ASPCT,R_IG3PS,R_IG3PS,R_TMDPK,R_ASPCT,R_PPCDC,R_PPCDC
R_ASPCT,R_PPCDC,R_ASPCT,R_FE2abc,R_SHCHF,R_FE2abc,R_PPCDC,R_IG3PS,R_PPCDC,R_ASPCT,R_ASPCT,R_SHCHF,R_PPCDC,R_PSCVT,R_PSCVT
R_PPCDC,R_PSCVT,R_PPCDC,R_ADSS,R_MTHFR3,R_ADSS,R_PSCVT,R_ASPCT,R_PSCVT,R_PPCDC,R_PPCDC,R_MTHFR3,R_PSCVT,R_EX_thm(e),R_EX_thm(e)
R_PSCVT,R_EX_thm(e),R_PSCVT,R_TMDPK,R_IG3PS,R_TMDPK,R_EX_thm(e),R_PPCDC,R_EX_thm(e),R_PSCVT,R_PSCVT,R_IG3PS,R_EX_thm(e),R_GLUTRR,R_GLUTRR
R_EX_thm(e),R_GLUTRR,R_EX_thm(e),R_SHCHF,R_ASPCT,R_SHCHF,R_GLUTRR,R_PSCVT,R_GLUTRR,R_EX_thm(e),R_EX_thm(e),R_ASPCT,R_GLUTRR,R_PPBNGS,R_PPBNGS
R_GLUTRR,R_PPBNGS,R_GLUTRR,R_MTHFR3,R_PPCDC,R_MTHFR3,R_PPBNGS,R_EX_thm(e),R_PPBNGS,R_GLUTRR,R_GLUTRR,R_PPCDC,R_PPBNGS,R_HSDy,R_HSDy
R_PPBNGS,R_HSDy,R_PPBNGS,R_IG3PS,R_PSCVT,R_IG3PS,R_HSDy,R_GLUTRR,R_HSDy,R_PPBNGS,R_PPBNGS,R_PSCVT,R_HSDy,R_PGAMT,R_PGAMT
R_HSDy,R_PGAMT,R_HSDy,R_ASPCT,R_EX_thm(e),R_ASPCT,R_PGAMT,R_PPBNGS,R_PGAMT,R_HSDy,R_HSDy,R_EX_thm(e),R_PGAMT,R_PRAMPC,R_PRAMPC
R_PGAMT,R_PRAMPC,R_PGAMT,R_PPCDC,R_GLUTRR,R_PPCDC,R_PRAMPC,R_HSDy,R_PRAMPC,R_PGAMT,R_PGAMT,R_GLUTRR,R_PRAMPC,R_UDCPDPpp,R_UDCPDPpp
R_PRAMPC,R_UDCPDPpp,R_PRAMPC,R_PSCVT,R_PPBNGS,R_PSCVT,R_UDCPDPpp,R_PGAMT,R_UDCPDPpp,R_PRAMPC,R_PRAMPC,R_PPBNGS,R_UDCPDPpp,R_G3PD2,R_G3PD2
R_UDCPDPpp,R_G3PD2,R_UDCPDPpp,R_EX_thm(e),R_HSDy,R_EX_thm(e),R_G3PD2,R_PRAMPC,R_G3PD2,R_UDCPDPpp,R_UDCPDPpp,R_HSDy,R_G3PD2,R_EX_cobalt2(e),R_EX_cobalt2(e)
R_G3PD2,R_EX_cobalt2(e),R_G3PD2,R_GLUTRR,R_PGAMT,R_GLUTRR,R_EX_cobalt2(e),R_UDCPDPpp,R_EX_cobalt2(e),R_G3PD2,R_G3PD2,R_PGAMT,R_EX_cobalt2(e),R_DHAD3,R_DHAD3
R_EX_cobalt2(e),R_DHAD3,R_EX_cobalt2(e),R_PPBNGS,R_PRAMPC,R_PPBNGS,R_DHAD3,R_G3PD2,R_DHAD3,R_EX_cobalt2(e),R_EX_cobalt2(e),R_PRAMPC,R_DHAD3,R_GCALDD,R_GLUSy
R_DHAD3,R_GLUSy,R_DHAD3,R_HSDy,R_UDCPDPpp,R_HSDy,R_GCALDD,R_EX_cobalt2(e),R_GCALDD,R_DHAD3,R_DHAD3,R_UDCPDPpp,R_GCALDD,R_DHNPA2,R_GCALDD
R_GCALDD,R_GCALDD,R_GLUSy,R_PGAMT,R_G3PD2,R_PGAMT,R_DHNPA2,R_DHAD3,R_DHNPA2,R_GCALDD,R_GLUSy,R_G3PD2,R_DHNPA2,R_FF_11,R_DHNPA2
R_DHNPA2,R_DHNPA2,R_GCALDD,R_PRAMPC,R_EX_cobalt2(e),R_PRAMPC,R_FF_11,R_GLUSy,R_FF_11,R_DHNPA2,R_GCALDD,R_EX_cobalt2(e),R_FF_11,R_GLUTRS,R_FF_11
R_FF_11,R_FF_11,R_DHNPA2,R_UDCPDPpp,R_DHAD3,R_UDCPDPpp,R_GLUTRS,R_GCALDD,R_GLUTRS,R_FF_11,R_DHNPA2,R_DHAD3,R_GLUTRS,R_SDPTA,R_GLUTRS
R_GLUTRS,R_GLUTRS,R_FF_11,R_G3PD2,R_GLUSy,R_G3PD2,R_SDPTA,R_DHNPA2,R_SDPTA,R_GLUTRS,R_FF_11,R_GCALDD,R_EX_dhptd_c,R_EX_dhptd_c,R_EX_dhptd_c
R_SDPTA,R_SDPTA,R_GLUTRS,R_EX_cobalt2(e),R_GCALDD,R_EX_cobalt2(e),R_EX_dhptd_c,R_FF_11,R_EX_dhptd_c,R_EX_dhptd_c,R_GLUTRS,R_DHNPA2,R_DPR,R_DPR,R_DPR
R_EX_dhptd_c,R_EX_dhptd_c,R_SDPTA,R_DHAD3,R_DHNPA2,R_DHAD3,R_DPR,R_GLUTRS,R_DPR,R_DPR,R_SDPTA,R_FF_11,R_UGMDDS,R_UGMDDS,R_UGMDDS
R_DPR,R_DPR,R_EX_dhptd_c,R_GCALDD,R_FF_11,R_GCALDD,R_UGMDDS,R_SDPTA,R_UGMDDS,R_UGMDDS,R_EX_dhptd_c,R_GLUTRS,R_MOHMT,R_MOHMT,R_MOHMT
R_UGMDDS,R_UGMDDS,R_DPR,R_DHNPA2,R_GLUTRS,R_DHNPA2,R_MOHMT,R_EX_dhptd_c,R_MOHMT,R_MOHMT,R_DPR,R_EX_dhptd_c,R_ORNCD,R_ORNCD,R_ORNCD
R_MOHMT,R_MOHMT,R_UGMDDS,R_FF_11,R_SDPTA,R_FF_11,R_ORNCD,R_DPR,R_ORNCD,R_ORNCD,R_UGMDDS,R_DPR,R_ASAD,R_ASAD,R_ASAD
R_ORNCD,R_ORNCD,R_MOHMT,R_GLUTRS,R_EX_dhptd_c,R_GLUTRS,R_ASAD,R_UGMDDS,R_ASAD,R_ASAD,R_MOHMT,R_UGMDDS,R_SHCHD2,R_SHCHD2,R_SHCHD2
R_ASAD,R_ASAD,R_ORNCD,R_SDPTA,R_DPR,R_EX_dhptd_c,R_SHCHD2,R_MOHMT,R_SHCHD2,R_SHCHD2,R_ORNCD,R_MOHMT,R_CYTK2,R_CYTK2,R_CYTK2
R_SHCHD2,R_SHCHD2,R_ASAD,R_EX_dhptd_c,R_UGMDDS,R_DPR,R_CYTK2,R_ORNCD,R_CYTK2,R_CYTK2,R_ASAD,R_ORNCD,R_RHCCE,R_G1SAT,R_RHCCE
R_CYTK2,R_CYTK2,R_SHCHD2,R_DPR,R_MOHMT,R_UGMDDS,R_G1SAT,R_ASAD,R_G1SAT,R_G1SAT,R_SHCHD2,R_ASAD,R_RBFSb,R_RHCCE,R_RBFSb
R_G1SAT,R_RHCCE,R_CYTK2,R_UGMDDS,R_ORNCD,R_MOHMT,R_RHCCE,R_SHCHD2,R_RHCCE,R_RHCCE,R_CYTK2,R_SHCHD2,R_NDPK1,R_RBFSb,R_NDPK1
R_RHCCE,R_RBFSb,R_RHCCE,R_MOHMT,R_ASAD,R_ORNCD,R_RBFSb,R_CYTK2,R_RBFSb,R_RBFSb,R_G1SAT,R_CYTK2,R_DTMPK,R_NDPK1,R_DTMPK
R_RBFSb,R_NDPK1,R_RBFSb,R_ORNCD,R_SHCHD2,R_ASAD,R_NDPK1,R_G1SAT,R_NDPK1,R_NDPK1,R_RHCCE,R_G1SAT,R_ASP1DC,R_DTMPK,R_ASP1DC
R_NDPK1,R_DTMPK,R_NDPK1,R_ASAD,R_CYTK2,R_SHCHD2,R_DTMPK,R_RHCCE,R_DTMPK,R_DTMPK,R_RBFSb,R_RHCCE,R_EX_cl(e),R_ASP1DC,R_EX_cl(e)
R_DTMPK,R_ASP1DC,R_DTMPK,R_AT_MBD1,R_RHCCE,R_CYTK2,R_ASP1DC,R_RBFSb,R_ASP1DC,R_ASP1DC,R_NDPK1,R_RBFSb,R_BPNT,R_EX_cl(e),R_BPNT
R_ASP1DC,R_EX_cl(e),R_ASP1DC,R_SHCHD2,R_RBFSb,R_RHCCE,R_EX_cl(e),R_NDPK1,R_EX_cl(e),R_EX_cl(e),R_DTMPK,R_NDPK1,R_DHORD,R_BPNT,R_DHORD
R_EX_cl(e),R_BPNT,R_EX_cl(e),R_CYTK2,R_NDPK1,R_RBFSb,R_BPNT,R_DTMPK,R_BPNT,R_BPNT,R_ASP1DC,R_DTMPK,R_RBFSa,R_DHORD,R_RBFSa
R_BPNT,R_DHORD,R_BPNT,R_RHCCE,R_DTMPK,R_NDPK1,R_DHORD,R_ASP1DC,R_DHORD,R_DHORD,R_EX_cl(e),R_ASP1DC,R_UMPK,R_RBFSa,R_UMPK
R_DHORD,R_RBFSa,R_DHORD,R_RBFSb,R_ASP1DC,R_DTMPK,R_RBFSa,R_EX_cl(e),R_RBFSa,R_RBFSa,R_BPNT,R_EX_cl(e),R_TRPS1,R_UMPK,R_TRPS1
R_RBFSa,R_UMPK,R_RBFSa,R_NDPK1,R_EX_cl(e),R_ASP1DC,R_UMPK,R_BPNT,R_UMPK,R_UMPK,R_DHORD,R_BPNT,R_CLtex,R_TRPS1,R_CLtex
R_UMPK,R_TRPS1,R_UMPK,R_DTMPK,R_BPNT,R_EX_cl(e),R_TRPS1,R_DHORD,R_TRPS1,R_TRPS1,R_RBFSa,R_DHORD,R_CHORS,R_CLtex,R_CHORS
R_TRPS1,R_CLtex,R_TRPS1,R_ASP1DC,R_DHORD,R_BPNT,R_CLtex,R_RBFSa,R_CLtex,R_CLtex,R_UMPK,R_RBFSa,R_TRDR,R_CHORS,R_TRDR
R_CLtex,R_CHORS,R_CLtex,R_EX_cl(e),R_RBFSa,R_DHORD,R_CHORS,R_UMPK,R_CHORS,R_CHORS,R_TRPS1,R_UMPK,R_IMPC,R_TRDR,R_IMPC
R_CHORS,R_TRDR,R_CHORS,R_BPNT,R_UMPK,R_RBFSa,R_TRDR,R_TRPS1,R_TRDR,R_TRDR,R_CLtex,R_TRPS1,R_ADSL1,R_IMPC,R_ADSL1
R_TRDR,R_IMPC,R_TRDR,R_DHORD,R_TRPS1,R_UMPK,R_IMPC,R_CLtex,R_IMPC,R_IMPC,R_CHORS,R_CLtex,R_RBFK,R_ADSL1,R_RBFK
R_IMPC,R_ADSL1,R_IMPC,R_RBFSa,R_CLtex,R_TRPS1,R_ADSL1,R_CHORS,R_ADSL1,R_ADSL1,R_TRDR,R_CHORS,R_NDPK2,R_RBFK,R_NDPK2
R_ADSL1,R_RBFK,R_ADSL1,R_UMPK,R_CHORS,R_CLtex,R_RBFK,R_TRDR,R_RBFK,R_RBFK,R_IMPC,R_TRDR,R_G6PDH2r,R_NDPK2,R_FMNAT
R_RBFK,R_NDPK2,R_RBFK,R_TRPS1,R_TRDR,R_CHORS,R_NDPK2,R_IMPC,R_NDPK2,R_NDPK2,R_ADSL1,R_IMPC,R_PGLer,R_FMNAT,R_NADS1
R_NDPK2,R_PGI,R_NDPK2,R_CLtex,R_IMPC,R_TRDR,R_PGI,R_ADSL1,R_PGI,R_PGI,R_RBFK,R_ADSL1,R_FMNAT,R_NADS1,R_THRS
R_PGI,R_FMNAT,R_PGI,R_CHORS,R_ADSL1,R_IMPC,R_FMNAT,R_RBFK,R_FMNAT,R_FMNAT,R_NDPK2,R_RBFK,R_NADS1,R_THRS,R_TECA4S
R_FMNAT,R_RPE,R_FMNAT,R_TRDR,R_RBFK,R_ADSL1,R_RPE,R_NDPK2,R_RPE,R_RPE,R_PGI,R_NDPK2,R_THRS,R_TECA4S,R_EX_k(e)
R_RPE,R_NADS1,R_RPE,R_IMPC,R_NDPK2,R_RBFK,R_NADS1,R_PGI,R_NADS1,R_NADS1,R_FMNAT,R_FMNAT,R_TECA4S,R_EX_k(e),R_ANS2
R_NADS1,R_THRS,R_NADS1,R_ADSL1,R_FMNAT,R_NDPK2,R_THRS,R_FMNAT,R_THRS,R_THRS,R_RPE,R_NADS1,R_EX_k(e),R_ANS2,R_LDH_D
R_THRS,R_ACGK,R_THRS,R_RBFK,R_NADS1,R_FMNAT,R_ACGK,R_RPE,R_ACGK,R_TECA4S,R_NADS1,R_THRS,R_ANS2,R_BTCCPL,R_BTCCPL
R_ACGK,R_TECA4S,R_ACGK,R_NDPK2,R_THRS,R_NADS1,R_TECA4S,R_NADS1,R_TECA4S,R_EX_k(e),R_THRS,R_TECA4S,R_BTCCPL,R_PHETA1,R_PHETA1
R_TECA4S,R_EX_k(e),R_TECA4S,R_FMNAT,R_TECA4S,R_THRS,R_EX_k(e),R_THRS,R_EX_k(e),R_BTCCPL,R_TECA4S,R_EX_k(e),R_PHETA1,R_MOBDabc,R_MOBDabc
R_EX_k(e),R_ANS2,R_EX_k(e),R_NADS1,R_EX_k(e),R_TECA4S,R_ANS2,R_ACGK,R_ANS2,R_PHETA1,R_EX_k(e),R_ANS2,R_MOBDabc,R_FCLT,R_FCLT
R_BTCCPL,R_BTCCPL,R_ANS2,R_THRS,R_ANS2,R_EX_k(e),R_BTCCPL,R_TECA4S,R_BTCCPL,R_MOBDabc,R_BTCCPL,R_BTCCPL,R_FCLT,R_DHAD1,R_DHAD1
R_PHETA1,R_PHETA1,R_BTCCPL,R_TECA4S,R_BTCCPL,R_ANS2,R_PHETA1,R_EX_k(e),R_PHETA1,R_FCLT,R_PHETA1,R_PHETA1,R_DHAD1,R_DMATT,R_DMATT
R_MOBDabc,R_MOBDabc,R_PHETA1,R_EX_k(e),R_PHETA1,R_BTCCPL,R_MOBDabc,R_ANS2,R_MOBDabc,R_DHAD1,R_MOBDabc,R_MOBDabc,R_DMATT,R_UPPDC1,R_UPPDC1
R_FCLT,R_FCLT,R_MOBDabc,R_ANS2,R_MOBDabc,R_PHETA1,R_FCLT,R_BTCCPL,R_FCLT,R_DMATT,R_FCLT,R_FCLT,R_UPPDC1,R_COBALT2tex,R_COBALT2tex
R_DHAD1,R_DHAD1,R_FCLT,R_BTCCPL,R_FCLT,R_MOBDabc,R_DHAD1,R_PHETA1,R_DHAD1,R_UPPDC1,R_DHAD1,R_DHAD1,R_COBALT2tex,R_PRPPS,R_PRPPS
R_DMATT,R_DMATT,R_DHAD1,R_PHETA1,R_DHAD1,R_FCLT,R_DMATT,R_MOBDabc,R_DMATT,R_COBALT2tex,R_DMATT,R_DMATT,R_PRPPS,R_ACCO2L,R_ACCO2L
R_UPPDC1,R_UPPDC1,R_DMATT,R_MOBDabc,R_DMATT,R_DHAD1,R_UPPDC1,R_FCLT,R_UPPDC1,R_PRPPS,R_UPPDC1,R_UPPDC1,R_ACCO2L,R_SHKK,R_SHKK
R_COBALT2tex,R_COBALT2tex,R_UPPDC1,R_FCLT,R_UPPDC1,R_DMATT,R_COBALT2tex,R_DHAD1,R_COBALT2tex,R_ACCO2L,R_COBALT2tex,R_COBALT2tex,R_SHKK,R_HISTP,R_HISTP
R_PRPPS,R_PRPPS,R_COBALT2tex,R_DHAD1,R_COBALT2tex,R_UPPDC1,R_PRPPS,R_DMATT,R_PRPPS,R_SHKK,R_PRPPS,R_PRPPS,R_HISTP,R_METAT,R_METAT
R_ACCO2L,R_ACCO2L,R_PRPPS,R_DMATT,R_PRPPS,R_COBALT2tex,R_ACCO2L,R_UPPDC1,R_ACCO2L,R_HISTP,R_ACCO2L,R_ACCO2L,R_METAT,R_NAPRTr,R_NAPRTr
R_SHKK,R_SHKK,R_ACCO2L,R_UPPDC1,R_ACCO2L,R_PRPPS,R_SHKK,R_COBALT2tex,R_SHKK,R_METAT,R_SHKK,R_SHKK,R_NAPRTr,R_UAGCVT,R_UAGCVT
R_HISTP,R_HISTP,R_SHKK,R_COBALT2tex,R_AT_MBD,R_ACCO2L,R_HISTP,R_PRPPS,R_HISTP,R_NAPRTr,R_HISTP,R_HISTP,R_UAGCVT,R_IGPS,R_IGPS
R_METAT,R_METAT,R_HISTP,R_PRPPS,R_SHKK,R_SHKK,R_METAT,R_ACCO2L,R_METAT,R_UAGCVT,R_METAT,R_FUM,R_IGPS,R_GUAPRT,R_GUAPRT
R_NAPRTr,R_NAPRTr,R_METAT,R_ACCO2L,R_HISTP,R_HISTP,R_NAPRTr,R_SHKK,R_NAPRTr,R_IGPS,R_NAPRTr,R_METAT,R_GUAPRT,R_METB1r,R_METB1r
R_UAGCVT,R_UAGCVT,R_NAPRTr,R_SHKK,R_FUM,R_FUM,R_UAGCVT,R_HISTP,R_UAGCVT,R_GUAPRT,R_UAGCVT,R_NAPRTr,R_METB1r,R_CA2abc,R_CA2abc
R_IGPS,R_IGPS,R_UAGCVT,R_HISTP,R_METAT,R_METAT,R_IGPS,R_METAT,R_IGPS,R_METB1r,R_IGPS,R_UAGCVT,R_CA2abc,R_DB4PS,R_DB4PS
R_GUAPRT,R_GUAPRT,R_IGPS,R_FUM,R_NAPRTr,R_NAPRTr,R_GUAPRT,R_NAPRTr,R_GUAPRT,R_CA2abc,R_GUAPRT,R_IGPS,R_DB4PS,R_DHQS,R_DHQS
R_METB1r,R_METB1r,R_GUAPRT,R_METAT,R_UAGCVT,R_UAGCVT,R_METB1r,R_UAGCVT,R_METB1r,R_DB4PS,R_METB1r,R_GUAPRT,R_DHQS,R_IPDDI,R_IPDDI
R_CA2abc,R_CA2abc,R_METB1r,R_NAPRTr,R_IGPS,R_IGPS,R_CA2abc,R_IGPS,R_CA2abc,R_DHQS,R_CA2abc,R_METB1r,R_IPDDI,R_EX_pi(e),R_EX_pi(e)
R_DB4PS,R_DB4PS,R_CA2abc,R_UAGCVT,R_GUAPRT,R_GUAPRT,R_DB4PS,R_GUAPRT,R_DB4PS,R_IPDDI,R_DB4PS,R_CA2abc,R_EX_pi(e),R_PPNCL2,R_PPNCL2
R_DHQS,R_DHQS,R_DB4PS,R_IGPS,R_METB1r,R_METB1r,R_DHQS,R_METB1r,R_DHQS,R_EX_pi(e),R_DHQS,R_DB4PS,R_PPNCL2,R_OMPDC,R_OMPDC
R_IPDDI,R_IPDDI,R_DHQS,R_GUAPRT,R_DADK,R_DADK,R_IPDDI,R_CA2abc,R_IPDDI,R_PPNCL2,R_IPDDI,R_DHQS,R_OMPDC,R_EX_na1(e),R_EX_na1(e)
R_EX_pi(e),R_EX_pi(e),R_IPDDI,R_METB1r,R_CA2abc,R_CA2abc,R_EX_pi(e),R_DB4PS,R_EX_pi(e),R_OMPDC,R_EX_pi(e),R_IPDDI,R_EX_na1(e),R_DHFR,R_DHFR
R_PPNCL2,R_PPNCL2,R_EX_pi(e),R_DADK,R_DB4PS,R_DB4PS,R_PPNCL2,R_DHQS,R_PPNCL2,R_EX_na1(e),R_PPNCL2,R_EX_pi(e),R_DHFR,R_UAAGDS,R_UAAGDS
R_OMPDC,R_OMPDC,R_PPNCL2,R_CA2abc,R_DHQS,R_DHQS,R_OMPDC,R_IPDDI,R_OMPDC,R_TKT2,R_OMPDC,R_PPNCL2,R_UAAGDS,R_EX_zn2(e),R_EX_zn2(e)
R_EX_na1(e),R_EX_na1(e),R_OMPDC,R_DB4PS,R_IPDDI,R_IPDDI,R_EX_na1(e),R_EX_pi(e),R_EX_na1(e),R_DHFR,R_EX_na1(e),R_ACONTb,R_EX_zn2(e),R_UPP3S,R_UPP3S
R_TKT2,R_TKT2,R_EX_na1(e),R_DHQS,R_EX_pi(e),R_EX_pi(e),R_TKT2,R_PPNCL2,R_TKT2,R_UAAGDS,R_TKT2,R_OMPDC,R_UPP3S,R_UAMAS,R_UAMAS
R_DHFR,R_DHFR,R_TKT2,R_IPDDI,R_PPNCL2,R_PPNCL2,R_DHFR,R_OMPDC,R_DHFR,R_EX_zn2(e),R_DHFR,R_EX_na1(e),R_UAMAS,R_DHDPRy,R_DHDPRy
R_UAAGDS,R_UAAGDS,R_DHFR,R_EX_pi(e),R_ACONTb,R_ACONTb,R_UAAGDS,R_EX_na1(e),R_UAAGDS,R_UPP3S,R_UAAGDS,R_DHFR,R_DHDPRy,R_DPCOAK,R_DPCOAK
R_EX_zn2(e),R_EX_zn2(e),R_UAAGDS,R_PPNCL2,R_OMPDC,R_OMPDC,R_EX_zn2(e),R_TKT2,R_EX_zn2(e),R_UAMAS,R_EX_zn2(e),R_UAAGDS,R_DPCOAK,R_GK1,R_GK1
R_UPP3S,R_UPP3S,R_EX_zn2(e),R_ACONTb,R_EX_na1(e),R_EX_na1(e),R_UPP3S,R_DHFR,R_UPP3S,R_DHDPRy,R_UPP3S,R_EX_zn2(e),R_GK1,R_TPI,R_DAPE
R_UAMAS,R_UAMAS,R_UPP3S,R_OMPDC,R_DHFR,R_DHFR,R_UAMAS,R_UAAGDS,R_UAMAS,R_DPCOAK,R_UAMAS,R_UPP3S,R_DAPE,R_DAPE,R_PAPPT3
R_DHDPRy,R_DHDPRy,R_UAMAS,R_EX_na1(e),R_UAAGDS,R_UAAGDS,R_DHDPRy,R_EX_zn2(e),R_DHDPRy,R_DAPE,R_DHDPRy,R_UAMAS,R_PAPPT3,R_PAPPT3,R_ADCL
R_DPCOAK,R_DPCOAK,R_DHDPRy,R_DHFR,R_EX_zn2(e),R_EX_zn2(e),R_DPCOAK,R_UPP3S,R_DPCOAK,R_PAPPT3,R_DPCOAK,R_DHDPRy,R_ADCL,R_ADCL,R_NNATr
R_DAPE,R_DAPE,R_DPCOAK,R_UAAGDS,R_UPP3S,R_UPP3S,R_GK1,R_UAMAS,R_GK1,R_ADCL,R_DAPE,R_DPCOAK,R_NNATr,R_NNATr,R_DHORTS
R_PAPPT3,R_PAPPT3,R_DAPE,R_EX_zn2(e),R_UAMAS,R_UAMAS,R_DAPE,R_DHDPRy,R_DAPE,R_NNATr,R_PAPPT3,R_GK1,R_DHORTS,R_DHORTS,R_ATPPRT
R_ADCL,R_ADCL,R_PAPPT3,R_UPP3S,R_DHDPRy,R_DHDPRy,R_PAPPT3,R_DPCOAK,R_PAPPT3,R_GK2,R_ADCL,R_DAPE,R_ATPPRT,R_ATPPRT,R_G1PACT
R_NNATr,R_NNATr,R_ADCL,R_UAMAS,R_DPCOAK,R_DPCOAK,R_ADCL,R_DAPE,R_ADCL,R_DHORTS,R_NNATr,R_PAPPT3,R_G1PACT,R_G1PACT,R_TYRTA
R_GK2,R_GK2,R_NNATr,R_DHDPRy,R_TPI,R_TPI,R_NNATr,R_PAPPT3,R_NNATr,R_ATPPRT,R_GK2,R_ADCL,R_TYRTA,R_TYRTA,R_THMabc
R_DHORTS,R_DHORTS,R_GK2,R_DPCOAK,R_DAPE,R_DAPE,R_DHORTS,R_ADCL,R_DHORTS,R_G1PACT,R_DHORTS,R_NNATr,R_THMabc,R_THMabc,R_UAMAGS
R_ATPPRT,R_ATPPRT,R_DHORTS,R_TPI,R_PAPPT3,R_PAPPT3,R_ATPPRT,R_NNATr,R_ATPPRT,R_TYRTA,R_ATPPRT,R_DHORTS,R_UAMAGS,R_UAMAGS,R_LEUt2r
R_G1PACT,R_G1PACT,R_ATPPRT,R_DAPE,R_ADCL,R_ADCL,R_G1PACT,R_GK2,R_G1PACT,R_THMabc,R_G1PACT,R_ATPPRT,R_LEUt2r,R_LEUt2r,R_PNTK
R_TYRTA,R_TYRTA,R_G1PACT,R_PAPPT3,R_NNATr,R_NNATr,R_TYRTA,R_DHORTS,R_TYRTA,R_UAMAGS,R_TYRTA,R_G1PACT,R_PNTK,R_PNTK,R_PMEVK
R_THMabc,R_THMabc,R_TYRTA,R_ADCL,R_GK2,R_GK2,R_THMabc,R_ATPPRT,R_THMabc,R_LEUt2r,R_THMabc,R_TYRTA,R_PMEVK,R_PMEVK,R_EX_mg2(e)
R_UAMAGS,R_UAMAGS,R_THMabc,R_NNATr,R_DHORTS,R_DHORTS,R_UAMAGS,R_G1PACT,R_UAMAGS,R_PNTK,R_UAMAGS,R_THMabc,R_EX_mg2(e),R_EX_mg2(e),R_EX_mobd(e)
R_LEUt2r,R_LEUt2r,R_UAMAGS,R_GK2,R_ATPPRT,R_ATPPRT,R_LEUt2r,R_TYRTA,R_LEUt2r,R_PMEVK,R_LEUt2r,R_UAMAGS,R_EX_mobd(e),R_EX_mobd(e),R_GHMT2r
R_PNTK,R_PNTK,R_LEUt2r,R_DHORTS,R_G1PACT,R_G1PACT,R_PNTK,R_THMabc,R_PNTK,R_EX_mg2(e),R_PNTK,R_LEUt2r,R_GHMT2r,R_GHMT2r,R_PRATPP
R_DGNSK,R_DGNSK,R_PNTK,R_ATPPRT,R_TYRTA,R_TYRTA,R_DGNSK,R_UAMAGS,R_DGNSK,R_EX_mobd(e),R_PMEVK,R_PNTK,R_PRATPP,R_PRATPP,R_G3PCT
R_PMEVK,R_PMEVK,R_DGNSK,R_G1PACT,R_THMabc,R_THMabc,R_PMEVK,R_LEUt2r,R_PMEVK,R_DHPS4,R_EX_mg2(e),R_DGNSK,R_G3PCT,R_G3PCT,R_GLCpts
R_EX_mg2(e),R_EX_mg2(e),R_PMEVK,R_TYRTA,R_UAMAGS,R_UAMAGS,R_EX_mg2(e),R_PNTK,R_EX_mg2(e),R_GHMT2r,R_EX_mobd(e),R_PMEVK,R_GLCpts,R_GLCpts,R_PC
R_EX_mobd(e),R_EX_mobd(e),R_EX_mg2(e),R_THMabc,R_LEUt2r,R_LEUt2r,R_EX_mobd(e),R_DGNSK,R_EX_mobd(e),R_PRATPP,R_GHMT2r,R_EX_mg2(e),R_PC,R_PC,R_MG2tex
R_GHMT2r,R_GHMT2r,R_EX_mobd(e),R_UAMAGS,R_PNTK,R_PNTK,R_GHMT2r,R_PMEVK,R_GHMT2r,R_G3PCT,R_PRATPP,R_EX_mobd(e),R_MG2tex,R_SUCOAS,R_HSERTA
R_PRATPP,R_PRATPP,R_GHMT2r,R_LEUt2r,R_DGNSK,R_DGNSK,R_PRATPP,R_EX_mg2(e),R_PRATPP,R_GLCpts,R_G3PCT,R_DHPS4,R_HSERTA,R_MG2tex,R_EX_cu2(e)
R_G3PCT,R_G3PCT,R_PRATPP,R_PNTK,R_GTPCI,R_GTPCI,R_G3PCT,R_EX_mobd(e),R_G3PCT,R_RNDR2,R_GLCpts,R_GHMT2r,R_EX_cu2(e),R_HSERTA,R_PANTS
R_GLCpts,R_GLCpts,R_G3PCT,R_DGNSK,R_PMEVK,R_PMEVK,R_GLCpts,R_DHPS4,R_GLCpts,R_PC,R_RNDR2,R_PRATPP,R_PANTS,R_EX_cu2(e),R_ORPT
R_RNDR2,R_RNDR2,R_GLCpts,R_GTPCI,R_PDHcr,R_EX_mg2(e),R_RNDR2,R_GHMT2r,R_RNDR2,R_MG2tex,R_PC,R_G3PCT,R_ORPT,R_PANTS,R_NO3R2
R_PC,R_PC,R_RNDR2,R_PMEVK,R_EX_mg2(e),R_EX_mobd(e),R_PC,R_PRATPP,R_PC,R_HSERTA,R_SUCOAS,R_GLCpts,R_EX_ppi(e),R_ORPT,R_CPPPGO
R_SUCOAS,R_SUCOAS,R_PC,R_PDHcr,R_EX_mobd(e),R_GHMT2r,R_SUCOAS,R_G3PCT,R_SUCOAS,R_EX_cu2(e),R_MG2tex,R_RNDR2,R_NO3R2,R_CPPPGO,R_D-LACD
R_MG2tex,R_MG2tex,R_SUCOAS,R_EX_mg2(e),R_GHMT2r,R_PRATPP,R_MG2tex,R_GLCpts,R_MG2tex,R_PANTS,R_HSERTA,R_PC,R_CPPPGO,R_Kabc,R_L-LACD3
R_HSERTA,R_HSERTA,R_MG2tex,R_EX_mobd(e),R_PRATPP,R_G3PCT,R_HSERTA,R_RNDR2,R_HSERTA,R_ORPT,R_EX_cu2(e),R_MG2tex,R_L-LACD3,R_UDCPDPS,R_Kabc
R_EX_cu2(e),R_EX_cu2(e),R_HSERTA,R_GHMT2r,R_G3PCT,R_GLCpts,R_EX_cu2(e),R_PC,R_EX_cu2(e),R_EX_ppi(e),R_PANTS,R_HSERTA,R_PPItex,R_PO2OR,R_UDCPDPS
R_PANTS,R_PANTS,R_EX_cu2(e),R_PRATPP,R_GLCpts,R_RNDR2,R_PANTS,R_SUCOAS,R_PANTS,R_NO3R2,R_ORPT,R_EX_cu2(e),R_Kabc,R_EX_glc(e),R_EX_glc(e)
R_ORPT,R_ORPT,R_PANTS,R_G3PCT,R_RNDR2,R_PC,R_ORPT,R_HSERTA,R_ORPT,R_CPPPGO,R_EX_ppi(e),R_PANTS,R_UDCPDPS,R_EX_gua(e),R_EX_gua(e)
R_CPPPGO,R_CPPPGO,R_ORPT,R_GLCpts,R_PC,R_MG2tex,R_NO3R2,R_EX_cu2(e),R_CPPPGO,R_L-LACD3,R_NO3R2,R_ORPT,R_EX_glc(e),R_EX_nac(e),R_EX_nac(e)
R_ACOTA,R_ACOTA,R_CPPPGO,R_RNDR2,R_SUCOAS,R_HSERTA,R_CPPPGO,R_PANTS,R_ACOTA,R_PPItex,R_CPPPGO,R_EX_ppi(e),R_EX_gua(e),R_GLCPcom_SA,R_GLCPcom_SA
R_Kabc,R_Kabc,R_ACOTA,R_PC,R_MG2tex,R_EX_cu2(e),R_ACOTA,R_ORPT,R_Kabc,R_Kabc,R_L-LACD3,R_NO3R2,R_EX_nac(e),R_PALASA_SA2,R_PALASA_SA2
R_UDCPDPS,R_UDCPDPS,R_Kabc,R_SUCOAS,R_HSERTA,R_PANTS,R_L-LACD3,R_EX_ppi(e),R_UDCPDPS,R_UDCPDPS,R_PPItex,R_CPPPGO,R_GLCPcom_SA,R_PAPA_SA,R_PAPA_SA
R_PO2OR,R_PO2OR,R_UDCPDPS,R_MG2tex,R_EX_cu2(e),R_ORPT,R_Kabc,R_NO3R2,R_PO2OR,R_EX_glc(e),R_Kabc,R_L-LACD,R_PALASA_SA2,R_PASYN_SA,R_PASYN_SA
R_EX_glc(e),R_EX_glc(e),R_PO2OR,R_HSERTA,R_PANTS,R_NO3R2,R_UDCPDPS,R_CPPPGO,R_EX_glc(e),R_EX_gua(e),R_UDCPDPS,R_THIORDXi,R_PAPA_SA,R_PGLYSA_SA2,R_PGLYSA_SA2
R_EX_gua(e),R_EX_gua(e),R_EX_glc(e),R_EX_cu2(e),R_ORPT,R_CPPPGO,R_EX_glc(e),R_ACOTA,R_EX_gua(e),R_EX_nac(e),R_EX_glc(e),R_L-LACD3,R_PASYN_SA,R_PLEUSA_SA2,R_PLEUSA_SA2
R_EX_nac(e),R_EX_nac(e),R_EX_gua(e),R_PANTS,R_NO3R2,R_FE3tex,R_EX_gua(e),R_L-LACD3,R_EX_nac(e),R_GLCPcom_SA,R_EX_gua(e),R_PPItex,R_PGLYSA_SA2,R_PLYSSA_SA2,R_PLYSSA_SA2
R_GLCPcom_SA,R_GLCPcom_SA,R_EX_nac(e),R_ORPT,R_CPPPGO,R_L-LACD3,R_EX_nac(e),R_PPItex,R_GLCPcom_SA,R_PALASA_SA2,R_EX_nac(e),R_Kabc,R_PLEUSA_SA2,R_PSD_SA,R_PSD_SA
R_PALASA_SA2,R_PALASA_SA2,R_GLCPcom_SA,R_NO3R2,R_L-LACD3,R_Kabc,R_GLCPcom_SA,R_Kabc,R_PALASA_SA2,R_PAPA_SA,R_GLCPcom_SA,R_UDCPDPS,R_PLYSSA_SA2,R_PSSA_SA,R_PSSA_SA
R_PAPA_SA,R_PAPA_SA,R_PALASA_SA2,R_CPPPGO,R_Kabc,R_AACLAM,R_PALASA_SA2,R_BDOOx,R_PAPA_SA,R_PASYN_SA,R_PALASA_SA2,R_EX_glc(e),R_PSD_SA,R_SA_free_FA,R_SA_free_FA
R_PASYN_SA,R_PASYN_SA,R_PAPA_SA,R_FE3tex,R_UDCPDPS,R_ACOAM,R_PAPA_SA,R_BDOOy,R_PASYN_SA,R_PGLYSA_SA2,R_PAPA_SA,R_EX_gua(e),R_PSSA_SA,R_TAGO,R_TAGO
R_PGLYSA_SA2,R_PGLYSA_SA2,R_PASYN_SA,R_THIORDXi,R_EX_glc(e),R_UDCPDPS,R_PASYN_SA,R_UDCPDPS,R_PGLYSA_SA2,R_PLEUSA_SA2,R_PASYN_SA,R_EX_nac(e),R_SA_free_FA,R_UDPG12dgrGT_SA2,R_UDPG12dgrGT_SA2
R_PLEUSA_SA2,R_PLEUSA_SA2,R_PGLYSA_SA2,R_L-LACD3,R_EX_gua(e),R_EX_glc(e),R_PGLYSA_SA2,R_EX_glc(e),R_PLEUSA_SA2,R_PLYSSA_SA2,R_PGLYSA_SA2,R_GLCPcom_SA,R_TAGO,R_UDPG3g12dgrGT_SA2,R_UDPG3g12dgrGT_SA2
R_PLYSSA_SA2,R_PLYSSA_SA2,R_PLEUSA_SA2,R_Kabc,R_EX_nac(e),R_EX_gua(e),R_PLEUSA_SA2,R_EX_gua(e),R_PLYSSA_SA2,R_PSD_SA,R_PLEUSA_SA2,R_PALASA_SA2,R_UDPG12dgrGT_SA2,R_sink_glyclt_c,R_sink_glyclt_c
R_PSD_SA,R_PSD_SA,R_PLYSSA_SA2,R_UDCPDPS,R_GLCPcom_SA,R_EX_nac(e),R_PLYSSA_SA2,R_EX_nac(e),R_PSD_SA,R_PSSA_SA,R_PLYSSA_SA2,R_PAPA_SA,R_UDPG3g12dgrGT_SA2,R_DROPPRy,R_DROPPRy
R_PSSA_SA,R_PSSA_SA,R_PSD_SA,R_EX_glc(e),R_PALASA_SA2,R_GLCPcom_SA,R_PSD_SA,R_GLCPcom_SA,R_PSSA_SA,R_SA_free_FA,R_PSD_SA,R_PASYN_SA,R_sink_glyclt_c,R_DRTPPD,R_DRTPPD
R_SA_free_FA,R_SA_free_FA,R_PSSA_SA,R_EX_gua(e),R_PAPA_SA,R_PALASA_SA2,R_PSSA_SA,R_PALASA_SA2,R_SA_free_FA,R_TAGO,R_PSSA_SA,R_PGLYSA_SA2,R_DROPPRy,R_ACACT1r,R_ACACT1r
R_TAGO,R_TAGO,R_SA_free_FA,R_EX_nac(e),R_PASYN_SA,R_PAPA_SA,R_SA_free_FA,R_PAPA_SA,R_TAGO,R_UDPG12dgrGT_SA2,R_SA_free_FA,R_PLEUSA_SA2,R_DRTPPD,R_ADSK,R_ADSK
R_UDPG12dgrGT_SA2,R_UDPG12dgrGT_SA2,R_TAGO,R_GLCPcom_SA,R_PGLYSA_SA2,R_PASYN_SA,R_TAGO,R_PASYN_SA,R_UDPG12dgrGT_SA2,R_UDPG3g12dgrGT_SA2,R_TAGO,R_PLYSSA_SA2,R_ACACT1r,R_ASNS1,R_ASNS1
R_UDPG3g12dgrGT_SA2,R_UDPG3g12dgrGT_SA2,R_UDPG12dgrGT_SA2,R_PALASA_SA2,R_PLEUSA_SA2,R_PGLYSA_SA2,R_UDPG12dgrGT_SA2,R_PGLYSA_SA2,R_UDPG3g12dgrGT_SA2,R_sink_glyclt_c,R_UDPG12dgrGT_SA2,R_PSD_SA,R_ADSK,R_CLPNS_SA,R_CLPNS_SA
R_sink_glyclt_c,R_sink_glyclt_c,R_UDPG3g12dgrGT_SA2,R_PAPA_SA,R_PLYSSA_SA2,R_PLEUSA_SA2,R_UDPG3g12dgrGT_SA2,R_PLEUSA_SA2,R_sink_glyclt_c,R_DROPPRy,R_UDPG3g12dgrGT_SA2,R_PSSA_SA,R_ASNS1,R_DASYN_SA,R_DASYN_SA
R_DROPPRy,R_DROPPRy,R_sink_glyclt_c,R_PASYN_SA,R_PSD_SA,R_PLYSSA_SA2,R_sink_glyclt_c,R_PLYSSA_SA2,R_DROPPRy,R_DRTPPD,R_sink_glyclt_c,R_SA_free_FA,R_CLPNS_SA,R_GLUSx,R_GUAt2
R_DRTPPD,R_DRTPPD,R_DROPPRy,R_PGLYSA_SA2,R_PSSA_SA,R_PSD_SA,R_DROPPRy,R_PSD_SA,R_DRTPPD,R_ACACT1r,R_DROPPRy,R_TAGO,R_DASYN_SA,R_GUAt2,R_HCO3E
R_ACACT1r,R_ACACT1r,R_DRTPPD,R_PLEUSA_SA2,R_SA_free_FA,R_PSSA_SA,R_DRTPPD,R_PSSA_SA,R_ACACT1r,R_ADSK,R_DRTPPD,R_UDPG12dgrGT_SA2,R_GUAt2,R_HCO3E,R_KAS1
R_ADSK,R_ADSK,R_ACACT1r,R_PLYSSA_SA2,R_TAGO,R_SA_free_FA,R_ACACT1r,R_SA_free_FA,R_ADSK,R_ASNS1,R_ACACT1r,R_UDPG3g12dgrGT_SA2,R_HCO3E,R_KAS1,R_KAS11
R_ASNS1,R_ASNS1,R_ADSK,R_PSD_SA,R_UDPG12dgrGT_SA2,R_TAGO,R_ADSK,R_TAGO,R_ASNS1,R_CLPNS_SA,R_ADSK,R_sink_glyclt_c,R_KAS1,R_KAS11,R_KAS12
R_CLPNS_SA,R_CLPNS_SA,R_ASNS1,R_PSSA_SA,R_UDPG3g12dgrGT_SA2,R_UDPG12dgrGT_SA2,R_ASNS1,R_UDPG12dgrGT_SA2,R_CLPNS_SA,R_DASYN_SA,R_ASNS1,R_DROPPRy,R_KAS11,R_KAS12,R_KAS13
R_DASYN_SA,R_DASYN_SA,R_CLPNS_SA,R_SA_free_FA,R_sink_glyclt_c,R_UDPG3g12dgrGT_SA2,R_CLPNS_SA,R_UDPG3g12dgrGT_SA2,R_DASYN_SA,R_GLUSx,R_CLPNS_SA,R_DRTPPD,R_KAS12,R_KAS13,R_KAS19SA
R_GLUSx,R_GUAt2,R_DASYN_SA,R_TAGO,R_DROPPRy,R_sink_glyclt_c,R_DASYN_SA,R_sink_glyclt_c,R_GLUSx,R_GUAt2,R_DASYN_SA,R_ACACT1r,R_KAS13,R_KAS19SA,R_KAS2
R_GUAt2,R_HCO3E,R_GUAt2,R_UDPG12dgrGT_SA2,R_DRTPPD,R_DROPPRy,R_GLUSx,R_DROPPRy,R_GUAt2,R_HCO3E,R_GUAt2,R_ADSK,R_KAS19SA,R_KAS2,R_KAS20SA
R_HCO3E,R_KAS1,R_HCO3E,R_UDPG3g12dgrGT_SA2,R_3M2OPLOXRD,R_DRTPPD,R_GUAt2,R_DRTPPD,R_HCO3E,R_KAS1,R_HCO3E,R_ASNS1,R_KAS2,R_KAS20SA,R_KAS3
R_KAS1,R_KAS11,R_KAS1,R_sink_glyclt_c,R_ACACT1r,R_ACACT1r,R_HCO3E,R_ACACT1r,R_KAS1,R_KAS11,R_KAS1,R_CLPNS_SA,R_KAS20SA,R_KAS3,R_KAS4
R_KAS11,R_KAS12,R_KAS11,R_DROPPRy,R_ADSK,R_ADSK,R_KAS1,R_ADSK,R_KAS11,R_KAS12,R_KAS11,R_DASYN_SA,R_KAS3,R_KAS4,R_KAS6
R_KAS12,R_KAS13,R_KAS12,R_DRTPPD,R_ASNS1,R_ASNS1,R_KAS11,R_ASNS1,R_KAS12,R_KAS13,R_KAS12,R_GLUSx,R_KAS4,R_KAS6,R_KAS8
R_KAS13,R_KAS19SA,R_KAS13,R_4M2OPLOXRD,R_CLPNS_SA,R_CLPNS_SA,R_KAS12,R_CLPNS_SA,R_KAS13,R_KAS19SA,R_KAS13,R_GUAt2,R_KAS6,R_KAS8,R_NACUP
R_KAS19SA,R_KAS2,R_KAS19SA,R_ACACT1r,R_DASYN_SA,R_DASYN_SA,R_KAS13,R_DASYN_SA,R_KAS19SA,R_KAS2,R_KAS19SA,R_HCO3E,R_KAS8,R_NACUP,R_NIabc
R_KAS2,R_KAS20SA,R_KAS2,R_ADSK,R_GUAt2,R_GLUSx,R_KAS19SA,R_GUAt2,R_KAS2,R_KAS20SA,R_KAS2,R_KAS1,R_NACUP,R_NIabc,R_PAPSR
R_KAS20SA,R_KAS3,R_KAS20SA,R_ASNS1,R_HCO3E,R_GUAt2,R_KAS2,R_HCO3E,R_KAS20SA,R_KAS3,R_KAS20SA,R_KAS11,R_NIabc,R_PAPSR,R_PGMT
R_KAS3,R_KAS4,R_KAS3,R_CLPNS_SA,R_KAS1,R_HCO3E,R_KAS20SA,R_KAS1,R_KAS3,R_KAS4,R_KAS3,R_KAS12,R_PAPSR,R_PGMT,R_PGPP_SA
R_KAS4,R_KAS6,R_KAS4,R_DASYN_SA,R_KAS11,R_KAS1,R_KAS3,R_KAS11,R_KAS4,R_KAS6,R_KAS4,R_KAS13,R_PGMT,R_PGPP_SA,R_PGSA_SA
R_KAS6,R_KAS8,R_KAS6,R_GLUSx,R_KAS12,R_KAS11,R_KAS4,R_KAS12,R_KAS6,R_KAS8,R_KAS6,R_KAS19SA,R_PGPP_SA,R_PGSA_SA,R_PMDPHT
R_KAS8,R_NACUP,R_KAS8,R_GUAt2,R_KAS13,R_KAS12,R_KAS6,R_KAS13,R_KAS8,R_NACUP,R_KAS8,R_KAS2,R_PGSA_SA,R_PMDPHT,R_SADT2
R_NACUP,R_NIabc,R_NACUP,R_HCO3E,R_KAS19SA,R_KAS13,R_KAS8,R_KAS19SA,R_NACUP,R_NIabc,R_NACUP,R_KAS20SA,R_PMDPHT,R_POX2,R_SERAT
R_NIabc,R_PAPSR,R_NIabc,R_KAS1,R_KAS2,R_KAS19SA,R_NACUP,R_KAS2,R_NIabc,R_PAPSR,R_NIabc,R_KAS3,R_SADT2,R_SADT2,R_TECA1S
R_PAPSR,R_PGMT,R_PAPSR,R_KAS11,R_KAS20SA,R_KAS2,R_NIabc,R_KAS20SA,R_PAPSR,R_PGMT,R_PAPSR,R_KAS4,R_SERAT,R_SDPDS,R_TECA2S
R_PGMT,R_PGPP_SA,R_PGMT,R_KAS12,R_KAS3,R_KAS20SA,R_PAPSR,R_KAS3,R_PGMT,R_PGPP_SA,R_PGMT,R_KAS6,R_TECA1S,R_SERAT,R_TECA3S
R_PGPP_SA,R_PGSA_SA,R_PGPP_SA,R_KAS13,R_KAS4,R_KAS3,R_PGMT,R_KAS4,R_PGPP_SA,R_PGSA_SA,R_PGPP_SA,R_KAS8,R_TECA2S,R_TECA1S,R_Sa_biomass_WT
R_PGSA_SA,R_PMDPHT,R_PGSA_SA,R_KAS19SA,R_KAS6,R_KAS4,R_PGPP_SA,R_KAS6,R_PGSA_SA,R_PMDPHT,R_PGSA_SA,R_NACUP,R_TECA3S,R_TECA2S,Biomass_s
R_PMDPHT,R_SADT2,R_PMDPHT,R_KAS2,R_KAS8,R_KAS6,R_PGSA_SA,R_KAS8,R_PMDPHT,R_SADT2,R_PMDPHT,R_NIabc,R_Sa_biomass_WT,R_TECA3S,R_ATPS24
R_SADT2,R_SDPDS,R_SADT2,R_KAS20SA,R_NACUP,R_KAS8,R_PMDPHT,R_NACUP,R_SADT2,R_SERAT,R_SADT2,R_PAPSR,Biomass_s,R_THDPS,R_HSTPTr
R_SDPDS,R_SERAT,R_SDPDS,R_KAS3,R_NIabc,R_NACUP,R_SADT2,R_NIabc,R_SDPDS,R_TECA1S,R_SDPDS,R_PGMT,R_ATPS24,R_Sa_biomass_WT,R_G6PP
R_SERAT,R_TECA1S,R_SERAT,R_KAS4,R_OIVD1r,R_NIabc,R_SDPDS,R_PAPSR,R_SERAT,R_TECA2S,R_SERAT,R_PGPP_SA,R_HSTPTr,Biomass_s,R_O2t5i
R_TECA1S,R_TECA2S,R_TECA1S,R_KAS6,R_OIVD2,R_OIVD1r,R_SERAT,R_PGMT,R_TECA1S,R_TECA3S,R_TECA1S,R_PGSA_SA,R_G6PP,R_ATPS24,
R_TECA2S,R_TECA3S,R_TECA2S,R_KAS8,R_PAPSR,R_OIVD2,R_TECA1S,R_PGPP_SA,R_TECA2S,R_Sa_biomass_WT,R_TECA2S,R_PMDPHT,R_O2t5i,R_HSTPTr,
R_TECA3S,R_THDPS,R_TECA3S,R_NACUP,R_PGMT,R_OIVD3,R_TECA2S,R_PGSA_SA,R_TECA3S,Biomass_s,R_TECA3S,R_SADT2,,R_G6PP,
R_THDPS,R_Sa_biomass_WT,R_THDPS,R_NIabc,R_PGPP_SA,R_PAPSR,R_TECA3S,R_PMDPHT,R_THDPS,R_ATPS24,R_THDPS,R_SERAT,,,
R_Sa_biomass_WT,Biomass_s,R_Sa_biomass_WT,R_OIVD2,R_PGSA_SA,R_PGMT,R_THDPS,R_SADT2,R_Sa_biomass_WT,R_HSTPTr,R_Sa_biomass_WT,R_TECA1S,,,
Biomass_s,R_ATPS24,Biomass_s,R_OIVD3,R_PMDPHT,R_PGPP_SA,R_Sa_biomass_WT,R_SDPDS,Biomass_s,R_G6PP,Biomass_s,R_TECA2S,,,
R_ATPS24,R_HSTPTr,R_ATPS24,R_PAPSR,R_SADT2,R_PGSA_SA,Biomass_s,R_SERAT,R_ATPS24,R_O2t5i,R_ATPS24,R_TECA3S,,,
R_HSTPTr,R_G6PP,R_HSTPTr,R_PGMT,R_SDPDS,R_PMDPHT,R_ATPS24,R_TECA1S,R_HSTPTr,,R_HSTPTr,R_Sa_biomass_WT,,,
R_G6PP,,R_G6PP,R_PGPP_SA,R_SERAT,R_SADT2,R_HSTPTr,R_TECA2S,R_G6PP,,R_G6PP,Biomass_s,,,
,,,R_PGSA_SA,R_TECA1S,R_SERAT,R_G6PP,R_TECA3S,,,R_O2t5i,R_ATPS24,,,
,,,R_PMDPHT,R_TECA2S,R_TECA1S,R_O2t5i,R_THDPS,,,,R_HSTPTr,,,
,,,R_SADT2,R_TECA3S,R_TECA2S,,R_Sa_biomass_WT,,,,R_G6PP,,,
,,,R_SDPDS,R_THDPS,R_TECA3S,,Biomass_s,,,,R_O2t5i,,,
,,,R_SERAT,R_Sa_biomass_WT,R_Sa_biomass_WT,,R_ATPS24,,,,,,,
,,,R_TECA1S,Biomass_s,Biomass_s,,R_HSTPTr,,,,,,,
,,,R_TECA2S,R_ATPS24,R_ATPS24,,R_G6PP,,,,,,,
,,,R_TECA3S,R_HSTPTr,R_HSTPTr,,R_O2t5i,,,,,,,
,,,R_THDPS,R_G6PP,R_G6PP,,,,,,,,,
,,,R_Sa_biomass_WT,R_O2t5i,R_O2t5i,,,,,,,,,
,,,Biomass_s,,,,,,,,,,,
,,,R_ATPS24,,,,,,,,,,,
,,,R_HSTPTr,,,,,,,,,,,
,,,R_G6PP,,,,,,,,,,,
,,,R_O2t5i,,,,,,,,,,,
